championship_name,track_id,name,month,week_end,mandatory,type,duration,start_time
Porsche Carrera Supercup,Imola_GP_2018,Grand Prix dell'Emilia-Romagna,5,2,TRUE,time,30,
Porsche Carrera Supercup,Azure_Circuit_2021,Grand Prix de Monaco,5,4,TRUE,time,30,
Porsche Carrera Supercup,Circuit_de_Catalunya_GP,Spanish Grand Prix,6,2,TRUE,time,30,
Porsche Carrera Supercup,Spielberg_Modern,Austrian Grand Prix,6,4,TRUE,time,30,
Porsche Carrera Supercup,Spa_Francorchamps_2022,Belgian Grand Prix,7,2,TRUE,time,30,
Porsche Carrera Supercup,Hockenheim_GP,German Grand Prix,8,2,TRUE,time,30,
Porsche Carrera Supercup,Silverstone_GP,British Grand Prix,8,4,TRUE,time,30,
Porsche Carrera Supercup,Monza_2020,Italian Grand Prix,9,2,TRUE,time,30,
IMSA WeatherTech SportsCar Championship,Daytona_Road_Course,24 Hours of Daytona,2,1,TRUE,time,1440,
IMSA WeatherTech SportsCar Championship,Sebring,12 Hours of Sebring,3,2,TRUE,time,720,10:00
IMSA WeatherTech SportsCar Championship,Long_Beach,Long Beach Grand Prix,4,2,TRUE,time,100,
IMSA WeatherTech SportsCar Championship,Laguna_Seca_2020,Monterey Grand Prix,5,2,TRUE,time,160,
IMSA WeatherTech SportsCar Championship,Adelaide_Modern,Detroit Grand Prix,5,4,TRUE,time,100,
IMSA WeatherTech SportsCar Championship,Watkins_Glen_GP,Six Hours of The Glen,6,3,TRUE,time,360,
IMSA WeatherTech SportsCar Championship,Mosport,Grand Prix of Mosport,7,2,TRUE,time,160,
IMSA WeatherTech SportsCar Championship,Road_America_RC,Road America 500,8,1,TRUE,time,160,
IMSA WeatherTech SportsCar Championship,Virginia_Full,GT Challenge at Virginia,8,3,TRUE,time,45,
IMSA WeatherTech SportsCar Championship,Indianapolis_2022_RC,Indianapolis Battle on the Bricks,9,3,TRUE,time,45,
IMSA WeatherTech SportsCar Championship,Road_Atlanta,Petit Le Mans,10,2,TRUE,time,600,12:00
IMSA Michelin Pilot Challenge,Daytona_Road_Course,Four Hours of Daytona,2,1,TRUE,time,240,
IMSA Michelin Pilot Challenge,Sebring,Two Hours of Sebring,3,2,TRUE,time,120,
IMSA Michelin Pilot Challenge,Long_Beach,Long Beach Two Hours,4,2,TRUE,time,120,
IMSA Michelin Pilot Challenge,Laguna_Seca_2020,Fours Hours of Monterey,5,2,TRUE,time,240,
IMSA Michelin Pilot Challenge,Adelaide_Modern,Two Hours of Detroit,5,4,TRUE,time,120,
IMSA Michelin Pilot Challenge,Watkins_Glen_GP,Two Hours at The Glen,6,3,TRUE,time,120,
IMSA Michelin Pilot Challenge,Mosport,Two Hours at Mosport,7,2,TRUE,time,120,
IMSA Michelin Pilot Challenge,Road_America_RC,Road America 2 Hours,8,1,TRUE,time,120,
IMSA Michelin Pilot Challenge,Virginia_Full,VIRginia Sprint,8,3,TRUE,time,45,
IMSA Michelin Pilot Challenge,Indianapolis_2022_RC,Indianapolis Sprint,9,3,TRUE,time,45,
IMSA Michelin Pilot Challenge,Road_Atlanta,Road Atlanta 2 Hours,10,2,TRUE,time,120,
IMSA VP Racing SportsCar Challenge,Daytona_Road_Course,24 Hours of Daytona Opening,2,1,TRUE,time,45,
IMSA VP Racing SportsCar Challenge,Sebring,12 Hours of Sebring Opening,3,2,TRUE,time,45,
IMSA VP Racing SportsCar Challenge,Long_Beach,Long Beach Grand Prix Opening,4,2,TRUE,time,45,
IMSA VP Racing SportsCar Challenge,Laguna_Seca_2020,Monterey Grand Prix Opening,5,2,TRUE,time,45,
IMSA VP Racing SportsCar Challenge,Adelaide_Modern,Detroit Grand Prix Opening,5,4,TRUE,time,45,
IMSA VP Racing SportsCar Challenge,Watkins_Glen_GP,Six Hours of The Glen Opening,6,3,TRUE,time,45,
IMSA VP Racing SportsCar Challenge,Mosport,Grand Prix of Mosport Opening,7,2,TRUE,time,45,
IMSA VP Racing SportsCar Challenge,Road_America_RC,Road America 500 Opening,8,1,TRUE,time,45,
IMSA VP Racing SportsCar Challenge,Virginia_Full,GT Challenge at Virginia Opening,8,3,TRUE,time,45,
IMSA VP Racing SportsCar Challenge,Indianapolis_2022_RC,Indianapolis Battle on the Bricks Opening,9,3,TRUE,time,45,
IMSA VP Racing SportsCar Challenge,Road_Atlanta,Petit Le Mans Opening,10,2,TRUE,time,45,
Ferrari Challenge North America,Sebring,Round 1: Sebring,3,1,TRUE,time,30,
Ferrari Challenge North America,Daytona_Road_Course,Round 2: Daytona,4,1,TRUE,time,30,
Ferrari Challenge North America,Indianapolis_2022_RC,Round 3: Indianapolis,5,1,TRUE,time,30,
Ferrari Challenge North America,Watkins_Glen_GP,Round 4: The Glen,6,1,TRUE,time,30,
Ferrari Challenge North America,Road_America_RC,Round 5: Road America,7,3,TRUE,time,30,
Ferrari Challenge North America,Laguna_Seca_2020,Round 6: Laguna Seca,8,2,TRUE,time,30,
Ferrari Challenge North America,Mosport,Round 7: Motorsport Park,9,1,FALSE,time,30,
Ferrari Challenge North America,Bathurst_2020,Bathurst Special,9,2,FALSE,time,30,
Ferrari Challenge North America,Imola_GP_2018,Finale at Imola,10,3,TRUE,time,30,
Ferrari Challenge Europe,Nurb_GP_2020,Round 1: Nürburgring,4,2,TRUE,time,30,
Ferrari Challenge Europe,Azure_Circuit_2021,Round 2: Monaco,5,2,TRUE,time,30,
Ferrari Challenge Europe,Circuit_de_Catalunya_GP,Round 3: Barcelona,6,1,TRUE,time,30,
Ferrari Challenge Europe,Spielberg_Modern,Round 4: Redbull Ring,6,3,TRUE,time,30,
Ferrari Challenge Europe,Spa_Francorchamps_2022,Round 5: Spa,7,2,TRUE,time,30,
Ferrari Challenge Europe,Monza_2020,Round 6: Monza,8,1,TRUE,time,30,
Ferrari Challenge Europe,Silverstone_GP,Round 7: Silverstone,9,1,FALSE,time,30,
Ferrari Challenge Europe,Bathurst_2020,Bathurst Special,9,2,FALSE,time,30,
Ferrari Challenge Europe,Imola_GP_2018,Finale at Imola,10,1,TRUE,time,30,
Mini Challenge,BrandsHatch_Indy,Brands Hatch Indy Dash,4,2,TRUE,time,20,
Mini Challenge,Donington_Nat,Redgate Rumble,5,3,TRUE,time,20,
Mini Challenge,OultonPark_Fosters,The Island Bend Duel,6,4,TRUE,time,20,
Mini Challenge,Snetterton_300,The Norfolk Flat-Out,7,3,TRUE,time,20,
Mini Challenge,CadwellPark,The Mountain Scramble,8,3,TRUE,time,20,
Mini Challenge,Silverstone_2001_National,Stowe Circuit Shootout,9,4,TRUE,time,20,
Ginetta Junior Championship UK,Silverstone_2001_National,Silverstone Heritage Plate,4,3,TRUE,time,20,
Ginetta Junior Championship UK,Snetterton_200,The East Anglian Pursuit,5,2,TRUE,time,20,
Ginetta Junior Championship UK,BrandsHatch_Indy,Paddock Hill Invitational,6,2,TRUE,time,20,
Ginetta Junior Championship UK,CadwellPark,Hall Bends Classic,7,2,TRUE,time,20,
Ginetta Junior Championship UK,OultonPark_Fosters,Knickerbrook Cup,8,2,TRUE,time,20,
Ginetta Junior Championship UK,Donington_Nat,Craner Curve Finale,9,3,TRUE,time,20,
Porsche Carrera Cup UK,Donington_Nat,Donington Park Grand Prix Circuit,4,1,TRUE,time,30,
Porsche Carrera Cup UK,BrandsHatch_GP,Brands Hatch GP Classic,5,1,TRUE,time,30,
Porsche Carrera Cup UK,Silverstone_2001_National,Silverstone National Sprint,5,4,TRUE,time,30,
Porsche Carrera Cup UK,OultonPark_International,Oulton Park International,6,3,TRUE,time,30,
Porsche Carrera Cup UK,Snetterton_300,Snetterton 300 Trophy,7,1,TRUE,time,30,
Porsche Carrera Cup UK,CadwellPark,Lincolnshire Wolds Classic,7,4,TRUE,time,30,
Porsche Carrera Cup UK,Silverstone_2001_International,Silverstone: The Home of British Racing,8,4,TRUE,time,30,
Porsche Carrera Cup UK,Donington_GP,Leicestershire Season Finale,9,2,TRUE,time,30,
Ginetta Junior Championship Europe,Monza_2020_Junior,Italian Junior-GT Classic,4,3,TRUE,time,20,
Ginetta Junior Championship Europe,Spielberg_Short,Alpine Ginetta Games,5,2,TRUE,time,20,
Ginetta Junior Championship Europe,Circuit_de_Catalunya_NATL_NC,Montmeló Sprint-Fest,6,2,TRUE,time,20,
Ginetta Junior Championship Europe,Hockenheim_National,Baden-Württemberg Trophy,7,2,TRUE,time,20,
Ginetta Junior Championship Europe,Cascais,Atlantic Breeze Invitational,8,2,TRUE,time,20,
Ginetta Junior Championship Europe,Spa_Francorchamps_2022,Finals at Spa,9,3,TRUE,time,20,
British GT Championship,Silverstone_GP,Silverstone 500,4,4,TRUE,time,180,12:00
British GT Championship,OultonPark_International,Oulton Park Race 1,5,4,TRUE,time,60,
British GT Championship,OultonPark_International,Oulton Park Race 2,5,4,TRUE,time,60,
British GT Championship,Spa_Francorchamps_2022,Spa-Francorchamps,6,3,TRUE,time,120,
British GT Championship,Donington_Nat,Donington Park Sprint,8,3,TRUE,time,60,
British GT Championship,Silverstone_2001_International,Silverstone Sprint,8,3,TRUE,time,60,
British GT Championship,Donington_GP,Donington Park,9,1,TRUE,time,120,
British GT Championship,BrandsHatch_GP,Brands Hatch,9,4,TRUE,time,120,
Ginetta Junior Championship North America,Watkins_Glen_S,Watkins Glen Spring Sprint,4,3,TRUE,time,20,
Ginetta Junior Championship North America,Road_Atlanta_2005_short,Peach State Challenge,5,2,TRUE,time,20,
Ginetta Junior Championship North America,Virginia_North,VIR Summer Showdown,6,2,TRUE,time,20,
Ginetta Junior Championship North America,Sebring_Club,Sebring Summer Heat,7,2,TRUE,time,20,
Ginetta Junior Championship North America,Daytona_Road_Course,Daytona Beach Classic,8,2,TRUE,time,20,
Ginetta Junior Championship North America,Laguna_Seca_2020,West Coast Finale,9,3,TRUE,time,20,
Porsche Carrera Cup North America,Daytona_Road_Course,Daytona International Speedway,3,2,TRUE,time,30,
Porsche Carrera Cup North America,Sebring,Sebring International Raceway,4,3,TRUE,time,30,
Porsche Carrera Cup North America,Laguna_Seca_2020,WeatherTech Raceway Laguna Seca,5,2,TRUE,time,30,
Porsche Carrera Cup North America,Watkins_Glen_GP,Watkins Glen International,6,3,TRUE,time,30,
Porsche Carrera Cup North America,Montreal_Modern,Circuit Gilles Villeneuve,7,2,TRUE,time,30,
Porsche Carrera Cup North America,Road_America_RC,Road America,8,1,TRUE,time,30,
Porsche Carrera Cup North America,Virginia_Full,VIRginia International Raceway,8,4,TRUE,time,30,
Porsche Carrera Cup North America,Indianapolis_2022_RC,Indianapolis Motor Speedway,9,3,TRUE,time,30,
Lamborghini Super Trofeo North America,Sebring,Sebring International Raceway,3,2,TRUE,time,50,
Lamborghini Super Trofeo North America,Laguna_Seca_2020,WeatherTech Raceway Laguna Seca,5,2,TRUE,time,50,
Lamborghini Super Trofeo North America,Watkins_Glen_GP,Watkins Glen International,6,3,TRUE,time,50,
Lamborghini Super Trofeo North America,Road_America_RC,Road America,8,1,TRUE,time,50,
Lamborghini Super Trofeo North America,Bathurst_2020,Bathurst Special,9,1,FALSE,time,30,
Lamborghini Super Trofeo North America,Indianapolis_2022_RC,Indianapolis Motor Speedway,9,3,FALSE,time,50,
Lamborghini Super Trofeo North America,Monza_2020,Monza World Finals,10,2,TRUE,time,50,
Lamborghini Super Trofeo Europe,Imola_GP_2018,Santerno Super-Sprints,4,3,TRUE,time,50,
Lamborghini Super Trofeo Europe,Circuit_de_Catalunya_GP,Mediterranean Trophy,5,3,TRUE,time,50,
Lamborghini Super Trofeo Europe,Nurb_GP_2020,Green Hell Bull-Run,6,2,FALSE,time,50,
Lamborghini Super Trofeo Europe,Spa_Francorchamps_2022,Raidillon Rumble,7,3,TRUE,time,50,
Lamborghini Super Trofeo Europe,Silverstone_GP,Northamptonshire Cup,8,4,FALSE,time,50,
Lamborghini Super Trofeo Europe,Bathurst_2020,Bathurst Special,9,1,FALSE,time,30,
Lamborghini Super Trofeo Europe,Monza_2020,Monza World Finals,10,2,TRUE,time,50,
World Endurance Championship,Sebring,Sebring 1812km,3,4,TRUE,time,600,11:00
World Endurance Championship,Imola_GP_2018,6 Hours of Imola,4,3,TRUE,time,360,
World Endurance Championship,Spa_Francorchamps_2022,6 Hours of Spa,5,2,TRUE,time,360,
World Endurance Championship,Le_Mans_24h,24 Hours of Le Mans,6,2,TRUE,time,1440,16:00
World Endurance Championship,Interlagos_GP,6 Hours of São Paulo,7,2,TRUE,time,360,
World Endurance Championship,Watkins_Glen_GP,Lone Star Le Mans,9,1,TRUE,time,360,
World Endurance Championship,Kansai_GP,6 Hours of Suzuka,9,4,TRUE,time,360,
World Endurance Championship,Monza_2020,8 Hours of Monza,11,1,TRUE,time,480,16:00
European Le Mans Series,Circuit_de_Catalunya_GP,4 Hours of Barcelona,4,2,TRUE,time,240,
European Le Mans Series,Le_Mans_24h,4 Hours of Le Mans,5,1,TRUE,time,240,
European Le Mans Series,Imola_GP_2018,4 Hours of Imola,7,1,TRUE,time,240,
European Le Mans Series,Spa_Francorchamps_2022,4 Hours of Spa,8,4,TRUE,time,240,
European Le Mans Series,Silverstone_GP,4 Hours of Silverstone,9,2,TRUE,time,240,
European Le Mans Series,Nurb_GP_2020,4 Hours of Nürburgring,10,2,TRUE,time,240,
Michelin Le Mans Cup,Circuit_de_Catalunya_GP,Catalan Cup,4,2,TRUE,time,110,
Michelin Le Mans Cup,Monza_2020,Temple of Speed Challenge,5,1,TRUE,time,110,
Michelin Le Mans Cup,Le_Mans_24h,Road to Le Mans,6,2,TRUE,time,180,18:00
Michelin Le Mans Cup,Spa_Francorchamps_2022,Ardennes Endurance Trophy,8,4,TRUE,time,110,
Michelin Le Mans Cup,Silverstone_GP,British Endurance Masters,9,2,TRUE,time,110,
Michelin Le Mans Cup,Nurb_GP_2020,Eifel Championship Finale,10,2,TRUE,time,110,
Radical Cup North America,Sebring,Florida Aero-Slam,3,1,TRUE,time,40,
Radical Cup North America,Laguna_Seca_2020,Pacific Apex Trophy,4,3,TRUE,time,40,
Radical Cup North America,Watkins_Glen_GP,Empire State Prototype Shootout,5,2,TRUE,time,40,
Radical Cup North America,Road_America_RC,Elkhart Lake National Sprint,6,3,TRUE,time,40,
Radical Cup North America,Road_Atlanta,Red Clay Continental,7,2,TRUE,time,40,
Radical Cup North America,Virginia_Full,Old Dominion Finals,9,1,TRUE,time,40,
Radical Cup Europe,Donington_GP,Donington Continental Trophy,3,1,TRUE,time,40,
Radical Cup Europe,Monza_2020,Monza Speed-Ring Masters,4,3,TRUE,time,40,
Radical Cup Europe,Spa_Francorchamps_2022,Spa-Francorchamps Ardennes Challenge,5,2,TRUE,time,40,
Radical Cup Europe,Le_Mans_Circuit_Bugatti,Bugatti Circuit Endurance Sprint,6,3,TRUE,time,40,
Radical Cup Europe,Nurb_GP_2020,Eifel Grand Prix Showcase,7,2,TRUE,time,40,
Radical Cup Europe,Circuit_de_Catalunya_GP,Barcelona European Season Finale,9,1,TRUE,time,40,
Formula 2,Kansai_GP,Japanese Grand Prix,3,2,TRUE,laps,32,
Formula 2,Kyalami_2019,South African Grand Prix,3,4,FALSE,laps,40,
Formula 2,Imola_GP_2018,Gran Premio dell'Emilia-Romagna,4,2,FALSE,laps,38,
Formula 2,Azure_Circuit_2021,Grand Prix de Monaco,5,1,TRUE,laps,47,
Formula 2,Circuit_de_Catalunya_GP_NC,Gran Premio de España,5,3,FALSE,laps,40,
Formula 2,Montreal_Modern,Grand Prix du Canada,6,1,TRUE,laps,42,
Formula 2,Spielberg_Modern,Austian Grand Prix,7,1,TRUE,laps,43,
Formula 2,Silverstone_GP,British Grand Prix,7,2,TRUE,laps,31,
Formula 2,Hockenheim_GP,Großer Preis von Deutschland,8,1,FALSE,laps,40,
Formula 2,Spa_Francorchamps_2022,Belgian Grand Prix,8,4,FALSE,laps,26,
Formula 2,Monza_2020,Gran Premio d'Italia,9,1,TRUE,laps,32,
Formula 2,Jerez_GP2019,Gran Premio de Andalucía,10,1,FALSE,laps,41,
Formula 2,Cascais,Grande Prémio de Portugal,10,2,FALSE,laps,44,
Formula 2,Interlagos_GP,Grande Prêmio de São Paulo,11,4,TRUE,laps,43,
Formula 3,Kansai_GP,Japanese Grand Prix,3,2,TRUE,time,45,
Formula 3,Kyalami_2019,South African Grand Prix,3,4,FALSE,time,45,
Formula 3,Imola_GP_2018,Gran Premio dell'Emilia-Romagna,4,2,FALSE,time,45,
Formula 3,Circuit_de_Catalunya_GP_NC,Gran Premio de España,5,3,FALSE,time,45,
Formula 3,Montreal_Modern,Grand Prix du Canada,6,1,TRUE,time,45,
Formula 3,Spielberg_Modern,Austian Grand Prix,7,1,TRUE,time,45,
Formula 3,Silverstone_GP,British Grand Prix,7,2,TRUE,time,45,
Formula 3,Hockenheim_GP,Großer Preis von Deutschland,8,1,FALSE,time,45,
Formula 3,Spa_Francorchamps_2022,Belgian Grand Prix,8,4,FALSE,time,45,
Formula 3,Monza_2020,Gran Premio d'Italia,9,1,TRUE,time,45,
Formula 3,Jerez_GP2019,Gran Premio de Andalucía,10,1,FALSE,time,45,
Formula 3,Cascais,Grande Prémio de Portugal,10,2,FALSE,time,45,
Formula 3,Interlagos_GP,Grande Prêmio de São Paulo,11,4,TRUE,time,45,
FRECA,Monza_2020,Gran Premio d'Italia,4,3,TRUE,time,30,
FRECA,Imola_GP_2018,Gran Premio dell'Emilia-Romagna,5,2,TRUE,time,30,
FRECA,Spa_Francorchamps_2022,Belgian Grand Prix,6,2,TRUE,time,30,
FRECA,Spielberg_Modern,Austian Grand Prix,7,2,TRUE,time,30,
FRECA,Circuit_de_Catalunya_GP_NC,Gran Premio de España,8,2,TRUE,time,30,
FRECA,Hockenheim_GP,Großer Preis von Deutschland,9,2,TRUE,time,30,
FRECA,Azure_Circuit_2021,Grand Prix de Monaco,5,4,FALSE,time,30,
FRECA,Silverstone_GP,British Grand Prix,6,1,FALSE,time,30,
FRECA,Le_Mans_Circuit_Bugatti,Grand Prix de France,6,4,FALSE,time,30,
FRECA,Donington_GP,European Grand Prix,7,3,FALSE,time,30,
FRECA,Nurb_GP_2020,Eifel Grand Prix,8,1,FALSE,time,30,
FRECA,Jerez_GP2019,Gran Premio de Andalucía,8,4,FALSE,time,30,
FRECA,Cascais,Grande Prémio de Portugal,9,1,FALSE,time,30,
Formula 4 UK,Donington_Nat,Donington National,4,3,TRUE,time,20,
Formula 4 UK,BrandsHatch_Indy,Brands Hatch Indy,5,2,TRUE,time,20,
Formula 4 UK,Snetterton_300,Snetterton 300,5,3,TRUE,time,20,
Formula 4 UK,Silverstone_GP,Silverstone GP,5,4,TRUE,time,20,
Formula 4 UK,CadwellPark,Cadwell Park,6,2,FALSE,time,20,
Formula 4 UK,OultonPark_International,Oulton Park International,6,3,FALSE,time,20,
Formula 4 UK,OultonPark_Fosters,Oulton Park Fosters,7,2,FALSE,time,20,
Formula 4 UK,Donington_GP,Donnington GP,8,3,TRUE,time,20,
Formula 4 UK,Silverstone_2001_National,Silverstone National,9,1,FALSE,time,20,
Formula 4 UK,Silverstone_2001_International,Silverstone International,9,2,TRUE,time,20,
Formula 4 UK,BrandsHatch_GP,Brands Hatch GP,10,1,TRUE,time,15,
National Formula Ford Championship,BrandsHatch_Indy,The Kentish Cauldron,4,3,TRUE,time,15,
National Formula Ford Championship,Snetterton_200,Norfolk Sprint,5,2,TRUE,time,15,
National Formula Ford Championship,Silverstone_2001_National,Copse Classic,6,2,TRUE,time,15,
National Formula Ford Championship,Donington_Nat,Redgate Rumble,7,2,TRUE,time,15,
National Formula Ford Championship,Snetterton_300,Bombhole Battle,8,2,TRUE,time,15,
National Formula Ford Championship,OultonPark_Fosters,Cheshire Backbone,9,2,TRUE,time,15,
National Formula Ford Championship,BrandsHatch_Indy,Formula Ford Festival,10,3,TRUE,time,15,
National Formula Ford Championship,Silverstone_2001_National,Walter Hayes Trophy,10,4,TRUE,time,15,
Formula 4 Southern Europe,Cascais,Atlantic Gateway,4,2,TRUE,time,20,
Formula 4 Southern Europe,Circuit_de_Catalunya_NATL_NC,Catalan Cut,5,1,TRUE,time,20,
Formula 4 Southern Europe,Imola_GP_2018,Emilia-Romagna Cup,6,2,TRUE,time,20,
Formula 4 Southern Europe,Monza_2020_Junior,Curva Grande Dash,7,3,TRUE,time,20,
Formula 4 Southern Europe,Jerez_GP2019,Andalusian Ace,8,2,TRUE,time,20,
Formula 4 Southern Europe,Monza_2020,The Monza Lombardi,9,1,TRUE,time,20,
Formula 4 Northern Europe,Nurb_GP_2020,Eifel Grand Prix,4,2,TRUE,time,20,
Formula 4 Northern Europe,Hockenheim_GP,Motodrom Mastery,5,1,TRUE,time,20,
Formula 4 Northern Europe,Spielberg_Short,Styrian Short-Circuit,6,1,FALSE,time,20,
Formula 4 Northern Europe,Hockenheim_National,Rhine-Neckar Sprint,6,3,FALSE,time,20,
Formula 4 Northern Europe,Le_Mans_Circuit_Bugatti,Sarthe Shootout,7,1,TRUE,time,20,
Formula 4 Northern Europe,Spa_Francorchamps_2022,Raidillon Rush,7,3,TRUE,time,20,
Formula 4 Northern Europe,Nurb_GP_2020_Sprint,Green Vault Sprints,8,2,FALSE,time,20,
Formula 4 Northern Europe,Spielberg_Modern,Bull-Ring Battle,9,1,TRUE,time,20,
Formula Vee UK,Donington_Nat,Leicestershire Loop,4,3,TRUE,time,15,
Formula Vee UK,BrandsHatch_Indy,Paddock Hill Punch,5,2,TRUE,time,15,
Formula Vee UK,OultonPark_Fosters,Knickerbrook Knockout,6,1,TRUE,time,15,
Formula Vee UK,Silverstone_2001_National,Woodcote Whirr,7,2,TRUE,time,15,
Formula Vee UK,CadwellPark,Wolds Wonder,8,3,TRUE,time,15,
Formula Vee UK,Snetterton_200,Flat-Four Finale,9,1,TRUE,time,15,
Formula Vee Germany,Hockenheim_National,Rhine Valley Blast,4,3,TRUE,time,15,
Formula Vee Germany,Spielberg_Short,Alpine Ascent,5,2,TRUE,time,15,
Formula Vee Germany,Spa_Francorchamps_2022,Ardennes Odyssey,6,2,TRUE,time,15,
Formula Vee Germany,Spielberg_Modern,Styrian Grand Prix,7,3,TRUE,time,15,
Formula Vee Germany,Hockenheim_GP,Black Forest Gate,8,3,TRUE,time,15,
Formula Vee Germany,Nurb_GP_2020_Sprint,The Eifel Encounter,9,1,TRUE,time,15,
NTT IndyCar,Adelaide_Modern,Grand Prix of Adelaide,3,1,TRUE,laps,90,
NTT IndyCar,Pocono_Oval,Good Poconers,3,2,TRUE,laps,125,
NTT IndyCar,Salvador_Street_Circuit,IndyCar Grand Prix of San Salvador,3,3,TRUE,laps,70,
NTT IndyCar,BrandsHatch_GP,Childrens of Kent Indy Grand Prix,3,4,TRUE,laps,90,
NTT IndyCar,Long_Beach,Grand Prix of Long Beach,4,3,TRUE,laps,90,
NTT IndyCar,Indianapolis_2022_RC,Sonsio Grand Prix,5,2,TRUE,laps,85,
NTT IndyCar,Indianapolis_2022_Oval,Indy 500,5,3,TRUE,laps,200,
NTT IndyCar,Montreal_Modern,IndyCar Canadian Grand Prix,5,4,TRUE,laps,70,
NTT IndyCar,Gateway_OVAL,Bommarito Automotive Group 500,6,2,TRUE,laps,260,
NTT IndyCar,Road_America_RC,Grand Prix at Road America,6,4,TRUE,laps,55,
NTT IndyCar,Donington_GP,Indy 200 at Donington,7,1,TRUE,laps,90,
NTT IndyCar,Fontana_OVAL,Borchetta Bourbon 400,7,3,TRUE,laps,85,
NTT IndyCar,Cascais,Grand Prix of Estoril,8,2,TRUE,laps,80,
NTT IndyCar,Le_Mans_Circuit_Bugatti,Indy at Le Mans,8,3,TRUE,laps,80,
NTT IndyCar,Daytona_Speedway_Tri_Oval,Daytona Mile,8,4,TRUE,laps,100,
NTT IndyCar,Laguna_Seca_2020,IndyCar Grand Prix of Monterey,9,1,TRUE,laps,95,
NTT IndyCar,Watkins_Glen_GP,Indy at the Glen,4,2,FALSE,laps,73,
NTT IndyCar,Road_Atlanta,Dixie Grand Prix,4,2,FALSE,laps,78,
NTT IndyCar,Sebring,Flying High Sebring,6,3,FALSE,laps,85,
NTT IndyCar,Jacarepagua_OVAL,Brazilian Indy Race,7,4,FALSE,laps,120,
Indy NXT,Adelaide_Modern,Adelaide International Grand Prix,3,1,TRUE,laps,85,
Indy NXT,Pocono_Oval,Great Pocono Racers,3,2,TRUE,laps,118,
Indy NXT,BrandsHatch_GP,Kent Youth Indy Grand Prix,3,4,TRUE,laps,85,
Indy NXT,Long_Beach,Long Beach Motors Grand Prix,4,3,TRUE,laps,85,
Indy NXT,Indianapolis_2022_RC,Sonsio Motors Classic,5,2,FALSE,laps,80,
Indy NXT,Indianapolis_2022_Oval,Indianapolis 500 Challenge,5,4,TRUE,laps,190,
Indy NXT,Gateway_OVAL,Bommarito Motors 500,6,2,TRUE,laps,247,
Indy NXT,Donington_GP,Donington Indy 200,7,1,TRUE,laps,85,
Indy NXT,Fontana_OVAL,Borchetta Whiskey 400,7,3,TRUE,laps,80,
Indy NXT,Cascais,Estoril Digital Grand Prix,8,2,FALSE,laps,76,
Indy NXT,Le_Mans_Circuit_Bugatti,Ontario Auto Dealers Indy,8,3,FALSE,laps,76,
Indy NXT,Daytona_Speedway_Tri_Oval,Daytona One-Mile,8,4,TRUE,laps,95,
Indy NXT,Laguna_Seca_2020,Monterey Indy Grand Prix,9,1,TRUE,laps,90,
Indy NXT,Sebring,Sebring High Speed Classic,6,3,FALSE,laps,80,
Indy NXT,Jacarepagua_OVAL,Brazil Indy Championship,7,4,FALSE,laps,114,
USF Pro 2000,Adelaide_Modern,Adelaide Speedway International,3,1,TRUE,laps,73,
USF Pro 2000,Pocono_Oval,Pocono Thunder Clash,3,2,FALSE,laps,102,
USF Pro 2000,BrandsHatch_GP,Kent Rising Stars Indy Cup,3,4,TRUE,laps,73,
USF Pro 2000,Long_Beach,Pacific Coast Street Classic,4,3,TRUE,laps,73,
USF Pro 2000,Indianapolis_2022_RC,Sonsio Racing Showcase,5,2,FALSE,laps,69,
USF Pro 2000,Indianapolis_2022_Oval,Indianapolis Endurance Classic,5,4,FALSE,laps,164,
USF Pro 2000,Gateway_OVAL,Bommarito Motor Speedway 500,6,2,TRUE,laps,213,
USF Pro 2000,Donington_GP,Donington Open Wheel 200,7,1,TRUE,laps,73,
USF Pro 2000,Fontana_OVAL,Borchetta Barrel Run 400,7,3,TRUE,laps,69,
USF Pro 2000,Cascais,Estoril Tech Racing Festival,8,2,FALSE,laps,65,
USF Pro 2000,Le_Mans_Circuit_Bugatti,Ontario Open Wheel Showcase,8,3,FALSE,laps,65,
USF Pro 2000,Daytona_Speedway_Tri_Oval,Daytona Superspeed Mile,8,4,TRUE,laps,82,
USF Pro 2000,Laguna_Seca_2020,Monterey Open Wheel Classic,9,1,TRUE,laps,77,
USF Pro 2000,Sebring,Sebring Skyway Sprint,6,3,FALSE,laps,69,
USF Pro 2000,Jacarepagua_OVAL,South America Indy Challenge,7,4,FALSE,laps,98,
USF2000,Adelaide_Modern,Adelaide Street Rush,3,1,TRUE,laps,61,
USF2000,BrandsHatch_GP,Kent Junior Speed Fest,3,4,TRUE,laps,61,
USF2000,Long_Beach,Long Beach Neon GP,4,3,TRUE,laps,61,
USF2000,Indianapolis_2022_RC,Sonsio Turbo Showdown,5,2,FALSE,laps,57,
USF2000,Donington_GP,Donington Speed Jam 200,7,1,TRUE,laps,61,
USF2000,Fontana_OVAL,Borchetta Night Run 400,7,3,TRUE,laps,57,
USF2000,Cascais,Estoril Digital Speed Cup,8,2,FALSE,laps,54,
USF2000,Le_Mans_Circuit_Bugatti,Ontario Street Racers Indy,8,3,FALSE,laps,54,
USF2000,Daytona_Speedway_Tri_Oval,Daytona Flat-Out Mile,8,4,TRUE,laps,68,
USF2000,Laguna_Seca_2020,Monterey Velocity GP,9,1,TRUE,laps,64,
USF2000,Sebring,Sebring Airborne Sprint,6,3,FALSE,laps,57,
USF Junior,Adelaide_Modern,Adelaide Speedy Race,3,1,FALSE,laps,36,
USF Junior,BrandsHatch_GP,Kent Kids Racing Day,3,4,TRUE,laps,36,
USF Junior,Long_Beach,Long Beach Fun Wheels,4,3,TRUE,laps,36,
USF Junior,Indianapolis_2022_RC,Sonsio Happy Grand Race,5,2,FALSE,laps,34,
USF Junior,Donington_GP,Donington Zoom-Zoom 200,7,1,TRUE,laps,36,
USF Junior,Fontana_OVAL,Borchetta Big Fast 400,7,3,TRUE,laps,34,
USF Junior,Cascais,Estoril Super Car Party,8,2,FALSE,laps,32,
USF Junior,Le_Mans_Circuit_Bugatti,Ontario Racing Friends,8,3,TRUE,laps,32,
USF Junior,Laguna_Seca_2020,Monterey Fast Cars Day,9,1,TRUE,laps,38,
USF Junior,Sebring,Sebring Fly-High Race,6,3,FALSE,laps,34,
F1600,Road_Atlanta_2005_short,Peach State Prelude,3,4,TRUE,time,25,
F1600,Sebring_Club,Concrete Gauntlet,4,3,TRUE,time,25,
F1600,Virginia_North,Oak Tree Open,5,2,FALSE,time,25,
F1600,Gateway_RC1,Archway Dash,6,1,TRUE,time,25,
F1600,Daytona_Road_Course,Tri-Oval Tussle,6,3,TRUE,time,25,
F1600,Virginia_South,Piedmont Pursuit,7,2,FALSE,time,25,
F1600,Watkins_Glen_S,Finger Lakes Flyer,8,3,TRUE,time,25,
F1600,Road_America_RC,The Kettle Moraine Cup,9,1,TRUE,laps,13,
Formula Vee North America,Virginia_North,Danville Draft,4,3,TRUE,time,15,
Formula Vee North America,Gateway_RC1,Mid-West Momentum,5,2,FALSE,time,15,
Formula Vee North America,Watkins_Glen_S,Glen Grand Prix,6,1,TRUE,time,15,
Formula Vee North America,Road_Atlanta_2005_short,Elkhart 1200,6,3,FALSE,time,15,
Formula Vee North America,Sebring_Club,Air-Cooled Airfield,7,1,TRUE,time,15,
Formula Vee North America,Road_America_RC,The Redline Rise,7,3,FALSE,time,15,
Formula Vee North America,Virginia_South,Oak Grove Scramble,8,2,FALSE,time,15,
Formula Vee North America,Daytona_Road_Course,High-Bank Slipstream,9,1,TRUE,time,15,
Intercontinental GT Challenge,Bathurst_2020,Bathurst 12 Hour,2,2,TRUE,time,720,05:45
Intercontinental GT Challenge,Nordschleife_2025_24hr,24h Nürburgring,5,3,TRUE,time,1440,15:00
Intercontinental GT Challenge,Spa_Francorchamps_2022,24 Hours of Spa,6,4,TRUE,time,1440,16:30
Intercontinental GT Challenge,Kansai_GP,Suzuka 1000km,9,2,TRUE,laps,172,12:50
Intercontinental GT Challenge,Indianapolis_2022_RC,Indianapolis 8 Hour,10,2,TRUE,time,480,12:20
GT World Challenge Europe,Le_Mans_Circuit_Bugatti,6h of Le Mans Bugatti,4,2,TRUE,time,360,18:00
GT World Challenge Europe,BrandsHatch_GP,Brands Hatch Sprint,5,1,FALSE,time,60,09:00
GT World Challenge Europe,Monza_2020,3h of Monza,5,4,TRUE,time,180,15:30
GT World Challenge Europe,Spa_Francorchamps_2022,CrowdStrike 24 Hours of Spa,6,4,TRUE,time,1440,16:30
GT World Challenge Europe,Imola_GP_2018,Imola Sprint,7,3,FALSE,time,60,20:25
GT World Challenge Europe,Hockenheim_GP,Hockenheim Sprint,8,1,FALSE,time,60,21:15
GT World Challenge Europe,Nurb_GP_2020,3h of Nürburgring,8,4,TRUE,time,180,15:00
GT World Challenge Europe,Donington_GP,Donington Sprint,9,3,FALSE,time,60,14:45
GT World Challenge Europe,Circuit_de_Catalunya_GP,Barcelona Sprint,10,1,FALSE,time,60,14:00
GT World Challenge Europe,Cascais,3h of Estoril,10,3,TRUE,time,180,15:15
GT World Challenge America,Laguna_Seca_2020,3h of Laguna Seca,3,4,TRUE,time,180,13:30
GT World Challenge America,Watkins_Glen_GPIL,Watkins Glen,4,4,TRUE,time,90,13:00
GT World Challenge America,Sebring,Sebring International Raceway,5,2,TRUE,time,90,15:00
GT World Challenge America,Road_Atlanta,Michelin Raceway Road Atlanta,6,2,TRUE,time,90,13:15
GT World Challenge America,Road_America_RC,Road America,8,4,TRUE,time,90,14:00
GT World Challenge America,Virginia_Full,Virginia International Raceway,9,4,TRUE,time,90,15:00
GT World Challenge America,Indianapolis_2022_RC,Indianapolis 8 Hour,10,2,TRUE,time,480,12:20
GT World Challenge Sprint,Adelaide_Modern,Adelaide Sprint,4,1,FALSE,time,60,21:00
GT World Challenge Sprint,Kyalami_2019,Kyalami Sprint,5,3,FALSE,time,60,17:00
GT World Challenge Sprint,Buenos_Aires_Circuito_6,Bueonos Aires N°6 S Sprint,6,2,FALSE,time,60,15:00
GT World Challenge Sprint,Interlagos_GP,Interlagos Sprint,7,1,FALSE,time,60,15:00
GT World Challenge Sprint,VeloCitta1,Velo Città Sprint,7,3,FALSE,time,60,15:00
GT World Challenge Sprint,Ibarra2,Ibarra Sprint,8,2,FALSE,time,60,17:30
GT Revival Series,Hockenheim_GP,Hockenheim,4,2,FALSE,time,50,
GT Revival Series,Spa_Francorchamps_2022,SPA Classic,5,4,TRUE,time,50,
GT Revival Series,Jerez_GP2019,Jerez,6,2,FALSE,time,50,
GT Revival Series,Le_Mans_24h,3h of Le Mans Classic Legend,7,1,TRUE,time,180,16:00
GT Revival Series,Nurb_GP_2020,Nürburgring,8,4,TRUE,time,50,
GT Revival Series,Circuit_de_Catalunya_GP,Barcelona,10,1,TRUE,time,50,
Nürburgring Langstrecken-Serie,Nordschleife_2025_24hr,NLS1 Westfalenfahrt,3,2,TRUE,time,240,12:00
Nürburgring Langstrecken-Serie,Nordschleife_2025_24hr,NLS2 Barbarossapreis,4,1,TRUE,time,240,12:00
Nürburgring Langstrecken-Serie,Nordschleife_2025_24hr,NLS3 24h Qualifiers,4,3,TRUE,time,240,12:00
Nürburgring Langstrecken-Serie,Nordschleife_2025_24hr,NLS4 Adenauer Trophy,5,1,TRUE,time,240,12:00
Nürburgring Langstrecken-Serie,Nordschleife_2025_24hr,NLS5 Eifel Trophy,6,2,TRUE,time,240,12:00
Nürburgring Langstrecken-Serie,Nordschleife_2025_24hr,NLS6,7,3,TRUE,time,240,12:00
Nürburgring Langstrecken-Serie,Nordschleife_2025_24hr,NLS7 6h Ruhr-Pokal-Rennen,8,1,TRUE,time,360,12:00
Nürburgring Langstrecken-Serie,Nordschleife_2025_24hr,NLS8 Sportwarte-Trophy,9,2,TRUE,time,240,12:00
Ginetta GT4 Supercup,BrandsHatch_Indy,Brands Hatch,5,3,TRUE,time,20,
Ginetta GT4 Supercup,OultonPark_Island,Oulton Park,6,2,TRUE,time,20,
Ginetta GT4 Supercup,Snetterton_300,Snetterton,7,4,TRUE,time,20,
Ginetta GT4 Supercup,Donington_Nat,Donington Park,8,3,TRUE,time,20,
Ginetta GT4 Supercup,Silverstone_2001_National,Silverstone,9,4,TRUE,time,20,
Ginetta GT4 Supercup,BrandsHatch_GP,Brands Hatch Finale,11,3,TRUE,time,20,
Old Stock Race,Brasilia_Outer,Autódromo Internacional de Brasília (Outer),3,1,TRUE,time,30,
Old Stock Race,Interlagos_GP,Autódromo José Carlos Pace,4,1,TRUE,time,30,
Old Stock Race,Interlagos_GP,Autódromo José Carlos Pace,5,1,FALSE,time,30,
Old Stock Race,Cascavel2,Autódromo Internacional Zilmar Beux de Cascavel,5,2,FALSE,time,30,
Old Stock Race,GoianiaOuter,Autódromo Internacional Ayrton Senna (Goiânia),6,1,TRUE,time,30,
Old Stock Race,Interlagos_GP,Autódromo José Carlos Pace,6,2,FALSE,time,30,
Old Stock Race,VeloCitta1,Autódromo Velo Città,6,3,FALSE,time,30,
Old Stock Race,Interlagos_GP,Autódromo José Carlos Pace,7,2,FALSE,time,30,
Old Stock Race,Taruma_Internacional,Autódromo Internacional de Tarumã,7,3,FALSE,time,30,
Old Stock Race,Brasilia_Full,Autódromo Internacional de Brasília (Full),8,2,TRUE,time,30,
Old Stock Race,Curitiba_outer,Autódromo Internacional de Curitiba,9,2,TRUE,time,30,
Copa Fusca,Brasilia_Full,Autódromo Internacional de Brasília,3,1,TRUE,time,30,
Copa Fusca,Interlagos_GP,Autódromo José Carlos Pace,4,1,TRUE,time,30,
Copa Fusca,Interlagos_GP,Autódromo José Carlos Pace,5,1,FALSE,time,30,
Copa Fusca,Cascavel2,Autódromo Internacional Zilmar Beux de Cascavel,5,2,FALSE,time,30,
Copa Fusca,GoianiaMixed,Autódromo Internacional Ayrton Senna (Goiânia),6,1,TRUE,time,30,
Copa Fusca,Interlagos_GP,Autódromo José Carlos Pace,6,2,FALSE,time,30,
Copa Fusca,VeloCitta1,Autódromo Velo Città,6,3,FALSE,time,30,
Copa Fusca,Interlagos_GP,Autódromo José Carlos Pace,7,2,FALSE,time,30,
Copa Fusca,VeloCitta1,Autódromo Velo Città,7,3,FALSE,time,30,
Copa Fusca,GoianiaShort,Autódromo Internacional Ayrton Senna (Goiânia),8,2,TRUE,time,30,
Copa Fusca,Brasilia_Full,Autódromo Internacional de Brasília,9,2,TRUE,time,30,
Copa Classic RS,Taruma_Chicane,Autódromo Internacional de Tarumã,3,1,TRUE,time,30,
Copa Classic RS,Guapore,Autódromo Internacional de Guaporé,4,2,FALSE,time,30,
Copa Classic RS,Taruma_Internacional,Autódromo Internacional de Tarumã,4,2,FALSE,time,30,
Copa Classic RS,Velopark_2017,Autódromo FuelTech Velopark,5,1,TRUE,time,30,
Copa Classic RS,Taruma_Internacional,Autódromo Internacional de Tarumã,6,1,FALSE,time,30,
Copa Classic RS,Guapore,Autódromo Internacional de Guaporé,6,2,FALSE,time,30,
Copa Classic RS,SantaCruzDoSul,Autódromo Internacional de Santa Cruz do Sul,7,1,TRUE,time,30,
Gold Classic,Londrina_long,Autódromo Internacional Ayrton Senna (Londrina),3,1,TRUE,time,30,
Gold Classic,Taruma_Chicane,Autódromo Internacional de Tarumã,4,1,FALSE,time,30,
Gold Classic,Londrina_short,Autódromo Internacional Ayrton Senna (Londrina),4,2,FALSE,time,30,
Gold Classic,Cascavel2,Autódromo Internacional Zilmar Beux de Cascavel,5,2,TRUE,time,30,
Gold Classic,Interlagos_GP,Autódromo José Carlos Pace,6,1,FALSE,time,30,
Gold Classic,Taruma_Internacional,Autódromo Internacional de Tarumã,6,2,FALSE,time,30,
Gold Classic,Guapore,Autódromo Internacional de Guaporé,7,1,FALSE,time,30,
Gold Classic,VeloCitta1,Autódromo Velo Città,7,3,FALSE,time,30,
Gold Classic,CampoGrande1,Autódromo Internacional Orlando Moura,8,1,TRUE,time,30,
Copa Truck,CampoGrande1,Autódromo Internacional Orlando Moura,3,1,TRUE,time,25,
Copa Truck,SantaCruzDoSul,Autódromo Internacional de Santa Cruz do Sul,3,3,TRUE,time,25,
Copa Truck,Cascavel2,Autódromo Internacional Zilmar Beux de Cascavel,4,2,FALSE,time,25,
Copa Truck,Taruma_Internacional,Autódromo Internacional de Tarumã,4,3,FALSE,time,25,
Copa Truck,Interlagos_GP,Autódromo José Carlos Pace,5,1,TRUE,time,25,
Copa Truck,GoianiaMixed,Autódromo Internacional Ayrton Senna (Goiânia),5,3,TRUE,time,25,
Copa Truck,CurveloLong,Circuito dos Cristais,6,1,TRUE,time,25,
Copa Truck,Brasilia_Full,Autódromo Internacional de Brasília,6,3,TRUE,time,25,
Copa Truck,Londrina_long,Autódromo Internacional Ayrton Senna (Londrina),7,2,TRUE,time,25,
Formula Inter,VeloCitta1,Autódromo Velo Città,4,1,TRUE,time,30,
Formula Inter,GoianiaMixed,Autódromo Internacional Ayrton Senna (Goiânia),5,1,TRUE,time,30,
Formula Inter,Cascavel2,Autódromo Internacional Zilmar Beux de Cascavel,6,1,TRUE,time,30,
Formula Inter,Londrina_long,Autódromo Internacional Ayrton Senna (Londrina),7,1,TRUE,time,30,
Formula Inter,Interlagos_GP,Autódromo José Carlos Pace,8,1,TRUE,time,30,
Formula Vee Brasil,Interlagos_GP,Autódromo José Carlos Pace,4,1,TRUE,time,15,
Formula Vee Brasil,VeloCitta1,Autódromo Velo Città,5,1,TRUE,time,15,
Formula Vee Brasil,Interlagos_GP,Autódromo José Carlos Pace,6,2,TRUE,time,15,
Formula Vee Brasil,Interlagos_GP,Autódromo José Carlos Pace,7,1,TRUE,time,15,
Formula Vee Brasil,VeloCitta1,Autódromo Velo Città,8,1,TRUE,time,15,
Formula Vee Brasil,Interlagos_GP,Autódromo José Carlos Pace,9,1,TRUE,time,15,
Caterham Academy,Donington_Nat,Donington Dash,3,2,TRUE,time,20,
Caterham Academy,BrandsHatch_Indy,Indy Initiation,4,1,TRUE,time,20,
Caterham Academy,Silverstone_2001_International,Silverstone Awakening,5,1,FALSE,time,20,
Caterham Academy,Silverstone_2001_National,National Debut,5,2,FALSE,time,20,
Caterham Academy,OultonPark_Island,Island of Speed,6,1,TRUE,time,20,
Caterham Academy,Snetterton_200,Norfolk Sprint,7,2,TRUE,time,20,
Caterham Academy,CadwellPark,Cadwell Challenge,8,2,FALSE,time,20,
Caterham Academy,OultonPark_Fosters,Fosters Frenzy,8,3,FALSE,time,20,
Caterham Roadsport,CadwellPark,Cadwell Curves Classic,4,1,TRUE,time,20,
Caterham Roadsport,Donington_GP,Grand Prix Roads,5,1,FALSE,time,20,
Caterham Roadsport,Donington_Nat,Donington Duel,5,2,FALSE,time,20,
Caterham Roadsport,OultonPark_Island,Island Pursuit,6,1,FALSE,time,20,
Caterham Roadsport,OultonPark_International,Oulton Open,6,2,FALSE,time,20,
Caterham Roadsport,Spa_Francorchamps_2022,Belgian Blast,7,2,TRUE,time,20,
Caterham Roadsport,Snetterton_200,200 Road Rush,9,1,FALSE,time,20,
Caterham Roadsport,Snetterton_300,300 Mile Thunder,9,2,FALSE,time,20,
Caterham Roadsport,BrandsHatch_Indy,Indy Road Rumble,10,1,FALSE,time,20,
Caterham Roadsport,BrandsHatch_GP,GP Road Assault,10,2,FALSE,time,20,
Caterham Roadsport,Silverstone_2001_International,Silverstone Roadsport Cup,11,2,TRUE,time,20,
Caterham Seven Championship,BrandsHatch_GP,Seven Heaven GP,3,1,FALSE,time,20,
Caterham Seven Championship,BrandsHatch_Indy,Indy Seven Showdown,3,2,FALSE,time,20,
Caterham Seven Championship,OultonPark_Island,Island of Speed,4,1,TRUE,time,20,
Caterham Seven Championship,Donington_GP,Donington Grand Slam,4,3,FALSE,time,20,
Caterham Seven Championship,Donington_Nat,National Seven Duel,4,4,FALSE,time,20,
Caterham Seven Championship,CadwellPark,Cadwell Serpent,5,1,TRUE,time,20,
Caterham Seven Championship,OultonPark_Classic,Classic Seven Revival,6,1,FALSE,time,20,
Caterham Seven Championship,OultonPark_International,Oulton International Trophy,6,2,FALSE,time,20,
Caterham Seven Championship,Silverstone_2001_International,Silverstone Seven Showdown,7,1,FALSE,time,20,
Caterham Seven Championship,Silverstone_2001_National,National Glory Run,7,2,FALSE,time,20,
Caterham Seven Championship,Snetterton_200,Seven Sprint 200,8,1,FALSE,time,20,
Caterham Seven Championship,Snetterton_300,300 Seven Charge,8,2,FALSE,time,20,
Caterham Seven Championship,Spa_Francorchamps_2022,Spa Seven Spectacular,9,2,TRUE,time,20,
Lurani Trophy Formula Junior,Hockenheim_GP,Hockenheim Historic,3,1,FALSE,time,25,
Lurani Trophy Formula Junior,Nurb_GP_2025,Nürburgring Classic,3,2,FALSE,time,25,
Lurani Trophy Formula Junior,BrandsHatch_GP,Brands Hatch GP,4,2,FALSE,time,25,
Lurani Trophy Formula Junior,Le_Mans_Circuit_Bugatti,Grand Prix Historique Bugatti,5,1,FALSE,time,25,
Lurani Trophy Formula Junior,Jerez_GP2019,Jerez Historic Festival,5,2,FALSE,time,25,
Lurani Trophy Formula Junior,Spielberg_Modern,Spielberg Classic,6,1,FALSE,time,25,
Lurani Trophy Formula Junior,Circuit_de_Catalunya_NATL_NC,Barcelona Clásico,6,2,FALSE,time,25,
Lurani Trophy Formula Junior,Silverstone_GP,Classic Silverstone,7,1,FALSE,time,25,
Lurani Trophy Formula Junior,Imola_GP_2018,Classico Imola,7,2,FALSE,time,25,
Lurani Trophy Formula Junior,Cascais,Estoril Classic,8,1,FALSE,time,25,
Lurani Trophy Formula Junior,Monza_2020,Monza Storico,8,2,FALSE,time,25,
Formula Junior Historics North America,Road_Atlanta,The HSR Mitty,3,1,FALSE,time,25,
Formula Junior Historics North America,Road_America_RC,Classic America,4,1,FALSE,time,25,
Formula Junior Historics North America,Mosport,Canadian Historics,4,2,FALSE,time,25,
Formula Junior Historics North America,Watkins_Glen_GP,Watkins Glen Grand Prix Festival,5,2,FALSE,time,25,
Formula Junior Historics North America,Virginia_Full,Virginia Classics,6,1,FALSE,time,25,
Formula Junior Historics North America,Daytona_Road_Course,Vintage Daytona,6,2,FALSE,time,25,
Formula Junior Historics North America,Laguna_Seca_2020,Corkscrew Classic,7,1,FALSE,time,25,
Formula Junior Historics North America,Sebring,Classic Finale,7,2,FALSE,time,25,
Turismo Carretera,Buenos_Aires_Circuito_8,Gran Premio Buenos Aires,3,1,FALSE,laps,25,
Turismo Carretera,Buenos_Aires_Circuito_7,Gran Premio Buenos Aires,3,2,FALSE,laps,25,
Turismo Carretera,Cordoba_NATL,Gran Premio Cordoba,4,1,TRUE,laps,25,
Turismo Carretera,Buenos_Aires_Circuito_9,Gran Premio Buenos Aires,5,1,FALSE,laps,25,
Turismo Carretera,Buenos_Aires_Circuito_12,Gran Premio Buenos Aires,5,2,FALSE,laps,20,
Turismo Carretera,Buenos_Aires_Circuito_15,Gran Premio Buenos Aires,5,3,FALSE,laps,20,
Turismo Carretera,Termas_Rio_Hondo,Gran Premio Termas de Río Hondo,6,1,TRUE,laps,20,
Turismo Carretera,Cordoba_GP,Gran Premio Cordoba,7,1,FALSE,laps,25,
Turismo Carretera,Cordoba_International,Gran Premio Cordoba,7,2,FALSE,laps,25,
Turismo Carretera,Buenos_Aires_Circuito_6T,Buenos Aires Final,8,1,TRUE,laps,25,
European Truck Racing Championship,Nurb_GP_2020_Sprint,Nürburgring Sprint Grand Prix,3,1,TRUE,laps,13,
European Truck Racing Championship,Monza_2020,Temple of Speed Showdown,3,3,FALSE,laps,8,
European Truck Racing Championship,Imola_GP_2018,Imola Grand Prix,4,1,FALSE,laps,9,
European Truck Racing Championship,Silverstone_GP,Silverstone Thunder Run,4,2,TRUE,laps,12,
European Truck Racing Championship,Circuit_de_Catalunya_GP_NC,Catalunya Grand Prix,5,1,FALSE,laps,10,
European Truck Racing Championship,Jerez_GP2019,Jerez Grand Prix,5,2,FALSE,laps,11,
European Truck Racing Championship,Cascais,Cascais Atlantic Challenge,5,3,FALSE,laps,11,
European Truck Racing Championship,Spielberg_Modern,Red Bull Ring Rumble,6,1,FALSE,laps,11,
European Truck Racing Championship,Hockenheim_National,Hockenheim National Trophy,6,2,FALSE,laps,13,
European Truck Racing Championship,Spa_Francorchamps_2022,Spa Challenge,7,1,FALSE,laps,9,
European Truck Racing Championship,Le_Mans_Circuit_Bugatti,Finale at Le Mans,7,3,TRUE,laps,11,
Aussie Racing Cars Super Series,Bathurst_2020,Mount Panorama First Round,3,1,TRUE,time,20,
Aussie Racing Cars Super Series,Adelaide_Modern,Adelaide Challenge,4,1,TRUE,time,20,
Aussie Racing Cars Super Series,Sebring_Club,USA Trip,5,1,TRUE,time,20,
Aussie Racing Cars Super Series,Virginia_South,USA Goodbyes,5,2,TRUE,time,20,
Aussie Racing Cars Super Series,Adelaide_Modern,Return to Adelaide,6,1,TRUE,time,20,
Aussie Racing Cars Super Series,Bathurst_2020,Mount Panorama Finale,7,2,TRUE,time,20,
Fiat Uno ASM,Buenos_Aires_Circuito_6,Autódromo Oscar y Juan Gálvez,3,1,FALSE,time,30,
Fiat Uno ASM,Cordoba_GP,Autódromo Oscar Cabalén,4,2,FALSE,time,30,
Fiat Uno ASM,Buenos_Aires_Circuito_8,Autódromo Oscar y Juan Gálvez,5,1,FALSE,time,30,
Fiat Uno ASM,Cordoba_International,Autódromo Oscar Cabalén,6,2,FALSE,time,30,
Fiat Uno ASM,Buenos_Aires_Circuito_7,Autódromo Oscar y Juan Gálvez,7,1,FALSE,time,30,
Fiat Uno ASM,Termas_Rio_Hondo,Autódromo Termas de Río Hondo,8,2,TRUE,time,30,
Fiat Uno ASM,Cordoba_NATL,Autódromo Oscar Cabalén,9,1,FALSE,time,30,
Fiat Uno ASM,Buenos_Aires_Circuito_6T,Autódromo Oscar y Juan Gálvez,10,2,FALSE,time,30,
GT5 Intercontinental Clash,CadwellPark,UK First Round,2,1,TRUE,time,30,
GT5 Intercontinental Clash,Donington_GP,Donington Round,3,1,FALSE,time,30,
GT5 Intercontinental Clash,OultonPark_International,Oulton Park Round,3,2,FALSE,time,30,
GT5 Intercontinental Clash,Silverstone_GP,Silverstone Round,4,1,FALSE,time,30,
GT5 Intercontinental Clash,Snetterton_300,Snetterton Round,4,2,FALSE,time,30,
GT5 Intercontinental Clash,BrandsHatch_GP,UK Finale,5,1,TRUE,time,30,
GT5 Intercontinental Clash,Interlagos_GP,Brazil First Round,6,1,TRUE,time,30,
GT5 Intercontinental Clash,SantaCruzDoSul,Santa Cruz Round,7,1,FALSE,time,30,
GT5 Intercontinental Clash,CurveloLong,Curvelo Round,7,2,FALSE,time,30,
GT5 Intercontinental Clash,VeloCitta1,Velo Cittá Round,8,1,FALSE,time,30,
GT5 Intercontinental Clash,Guapore,Guaporé Round,8,2,FALSE,time,30,
GT5 Intercontinental Clash,Brasilia_Full,Brazil Finale,9,1,TRUE,time,30,10:00
Puma GT5 Desafio,GoianiaShort,Grande Prêmio de Goiânia,2,3,FALSE,time,20,
Puma GT5 Desafio,Guapore,Desafio do Planalto Gaúcho,3,1,FALSE,time,20,
Puma GT5 Desafio,Taruma_Internacional,Copa Tarumã de Velocidade,3,2,FALSE,time,20,
Puma GT5 Desafio,Cascavel2,Grande Prêmio do Oeste Paranaense,4,1,FALSE,time,20,
Puma GT5 Desafio,Londrina_short,Troféu Cidade de Londrina,4,2,FALSE,time,20,
Puma GT5 Desafio,Velopark_2017,Desafio Velopark,5,1,FALSE,time,20,
Puma GT5 Desafio,CampoGrande1,Grande Prêmio do Centro-Oeste,5,2,FALSE,time,20,
Puma GT5 Desafio,Brasilia_Full,Desafio da Capital Federal,6,1,FALSE,time,20,
Puma GT5 Desafio,SantaCruzDoSul,Troféu Vale do Rio Pardo,6,2,FALSE,time,20,
Puma GT5 Desafio,CurveloLong,Grande Prêmio das Gerais,7,1,FALSE,time,20,
Puma GT5 Desafio,VeloCitta1,Copa VeloCittà,7,2,FALSE,time,20,
Puma GT5 Desafio,Interlagos_GP,Grande Prêmio de São Paulo,8,1,FALSE,time,20,
British GT Open,Snetterton_300,Snetterton 300,3,3,FALSE,time,45,
British GT Open,Silverstone_GP,Silverstone 500,4,1,FALSE,time,45,
British GT Open,OultonPark_International,Oulton Park International,5,2,FALSE,time,45,
British GT Open,OultonPark_Island,Oulton Park Island,6,1,FALSE,time,45,
British GT Open,Donington_Nat,Donington Park Sprint,7,2,FALSE,time,45,
British GT Open,Silverstone_2001_International,Silverstone Sprint,8,3,FALSE,time,45,
British GT Open,Donington_GP,Donington Park,9,1,FALSE,time,45,
British GT Open,BrandsHatch_GP,Brands Hatch,10,4,FALSE,time,45,
British GT Open,CadwellPark,Cadwell Race,11,2,FALSE,time,45,
Formula 1 (Vintage Gen 1),Kyalami_Historic,Grand Prix of South Africa,2,1,TRUE,laps,75,
Formula 1 (Vintage Gen 1),Azure_Circuit_2021,Grand Prix Automobile de Monaco,5,1,TRUE,laps,78,
Formula 1 (Vintage Gen 1),Spa_Francorchamps_1970,Grand Prix de Belgique,6,2,TRUE,laps,22,
Formula 1 (Vintage Gen 1),Le_Mans_Circuit_Bugatti,Grand Prix de France,7,1,TRUE,laps,72,
Formula 1 (Vintage Gen 1),Nurb_1971_Nords,Großer Preis von Deutschland,8,1,TRUE,laps,14,
Formula 1 (Vintage Gen 1),Mosport,Grand Prix of Canada,8,2,TRUE,laps,76,
Formula 1 (Vintage Gen 1),Silverstone_1975,British Grand Prix,9,1,FALSE,laps,64,
Formula 1 (Vintage Gen 1),BrandsHatch_GP,Great Britain Grand Prix,9,2,FALSE,laps,77,
Formula 1 (Vintage Gen 1),Monza_1971,Gran Premio d'Italia,10,1,TRUE,laps,53,
Formula 1 (Vintage Gen 1),Watkins_Glen_GP,United States Grand Prix,11,2,TRUE,laps,56,
Formula 1 (Vintage Gen 2),Buenos_Aires_Circuito_9,Gran Premio de la Republica Argentina,2,1,TRUE,laps,90,
Formula 1 (Vintage Gen 2),Interlagos_Historic,Grande Prêmio do Brasil,2,3,TRUE,laps,38,
Formula 1 (Vintage Gen 2),Kyalami_Historic,Grand Prix of South Africa,3,1,TRUE,laps,75,
Formula 1 (Vintage Gen 2),Silverstone_1975,British Grand Prix,4,1,FALSE,laps,64,
Formula 1 (Vintage Gen 2),BrandsHatch_GP,Great Britain Grand Prix,4,2,FALSE,laps,77,
Formula 1 (Vintage Gen 2),Azure_Circuit_2021,Grand Prix Automobile de Monaco,5,1,TRUE,laps,78,
Formula 1 (Vintage Gen 2),Monza_1971,Gran Premio d'Italia,6,1,TRUE,laps,53,
Formula 1 (Vintage Gen 2),Spa_Francorchamps_1970,Grand Prix de Belgique,7,1,TRUE,laps,22,
Formula 1 (Vintage Gen 2),Mosport,Grand Prix of Canada,8,1,TRUE,laps,76,
Formula 1 (Vintage Gen 2),Watkins_Glen_GP,United States Grand Prix,9,1,TRUE,laps,56,
Formula 1 (Vintage Gen 2),Nurb_1971_Nords,Großer Preis von Nürburgring,10,1,FALSE,laps,14,
Formula 1 (Vintage Gen 2),Hockenheim_1977,Großer Preis von Deutschland,10,2,FALSE,laps,45,
Formula 1 (Vintage Gen 2),Spielberg_Vintage,Grand Prix von Österreich,11,1,FALSE,laps,51,
Formula 1 (Retro Gen 1),Buenos_Aires_Circuito_15,Gran Premio de la Republica Argentina,2,1,TRUE,laps,51,
Formula 1 (Retro Gen 1),Interlagos_Historic,Grande Prêmio do Brasil,2,3,TRUE,laps,38,
Formula 1 (Retro Gen 1),Kyalami_Historic,Grand Prix of South Africa,3,1,TRUE,laps,75,
Formula 1 (Retro Gen 1),Watkins_Glen_GP,United States Grand Prix,4,1,FALSE,laps,56,
Formula 1 (Retro Gen 1),Long_Beach,United States Grand Prix West,4,2,FALSE,laps,95,
Formula 1 (Retro Gen 1),Azure_Circuit_2021,Grand Prix Automobile de Monaco,5,1,TRUE,laps,78,
Formula 1 (Retro Gen 1),Nurb_1971_Nords,Großer Preis von Deutschland,5,2,TRUE,laps,14,
Formula 1 (Retro Gen 1),Spielberg_Vintage,Grand Prix von Österreich,6,1,TRUE,laps,51,
Formula 1 (Retro Gen 1),BrandsHatch_GP,Great Britain Grand Prix,7,1,FALSE,laps,77,
Formula 1 (Retro Gen 1),Silverstone_1975,British Grand Prix,7,2,FALSE,laps,64,
Formula 1 (Retro Gen 1),Monza_1971,Gran Premio d'Italia,8,1,TRUE,laps,53,
Formula 1 (Retro Gen 1),Mosport,Grand Prix of Canada,9,2,TRUE,laps,76,
Formula 1 (Retro Gen 1),Spa_Francorchamps_1970,Grand Prix de Belgique,10,2,TRUE,laps,22,
Formula 1 (Retro Gen 1),Kansai_Classic,Japanese Grand Prix,11,1,TRUE,laps,52,
Formula 1 (Retro Gen 2),Buenos_Aires_Circuito_15,Gran Premio de la Republica Argentina,2,1,TRUE,laps,51,
Formula 1 (Retro Gen 2),Jacarepagua_Historic,Grande Prêmio do Jacarepaguá,3,1,FALSE,laps,60,
Formula 1 (Retro Gen 2),Interlagos_Historic,Grande Prêmio do Brasil,3,2,FALSE,laps,38,
Formula 1 (Retro Gen 2),Long_Beach,United States Grand Prix West,4,1,TRUE,laps,95,
Formula 1 (Retro Gen 2),Imola_GP_1988,Gran Premio di San Marino,4,3,TRUE,laps,60,
Formula 1 (Retro Gen 2),Watkins_Glen_GP,United States Grand Prix,5,1,FALSE,laps,56,
Formula 1 (Retro Gen 2),Azure_Circuit_2021,Grand Prix Automobile de Monaco,5,3,TRUE,laps,78,
Formula 1 (Retro Gen 2),Montreal_Historic,Grand Prix du Canada,6,1,TRUE,laps,68,
Formula 1 (Retro Gen 2),Spa_Francorchamps_1993,Grand Prix de Belgique,7,1,TRUE,laps,44,
Formula 1 (Retro Gen 2),Hockenheim_1977,Großer Preis von Deutschland,8,1,TRUE,laps,45,
Formula 1 (Retro Gen 2),Spielberg_Historic,Grand Prix von Österreich,8,3,TRUE,laps,51,
Formula 1 (Retro Gen 2),BrandsHatch_GP,Great Britain Grand Prix,9,1,FALSE,laps,77,
Formula 1 (Retro Gen 2),Silverstone_1975,British Grand Prix,9,2,FALSE,laps,64,
Formula 1 (Retro Gen 2),Monza_1991,Gran Premio d'Italia,10,1,TRUE,laps,52,
Formula 1 (Retro Gen 2),Kyalami_Historic,Grand Prix of South Africa,10,3,TRUE,laps,75,
Formula 1 (Retro Gen 3),Jacarepagua_Historic,Grande Prêmio do Jacarepaguá,2,1,TRUE,laps,60,
Formula 1 (Retro Gen 3),Long_Beach,United States Grand Prix West,3,1,TRUE,laps,95,
Formula 1 (Retro Gen 3),Hockenheim_1988,Großer Preis von Deutschland,3,3,FALSE,laps,45,
Formula 1 (Retro Gen 3),Imola_GP_1988,Gran Premio di San Marino,4,2,TRUE,laps,60,
Formula 1 (Retro Gen 3),Azure_Circuit_2021,Grand Prix Automobile de Monaco,5,1,TRUE,laps,78,
Formula 1 (Retro Gen 3),Spa_Francorchamps_1993,Grand Prix de Spa,5,3,TRUE,laps,44,
Formula 1 (Retro Gen 3),Montreal_Historic,Grand Prix du Canada,6,2,TRUE,laps,68,
Formula 1 (Retro Gen 3),Silverstone_1975,British Grand Prix,7,1,FALSE,laps,64,
Formula 1 (Retro Gen 3),Nurb_GP_2020,Großer Preis von Nürburgring,7,2,FALSE,laps,59,
Formula 1 (Retro Gen 3),Spielberg_Historic,Grand Prix von Österreich,8,1,TRUE,laps,51,
Formula 1 (Retro Gen 3),Monza_1991,Gran Premio d'Italia,9,1,TRUE,laps,52,
Formula 1 (Retro Gen 3),BrandsHatch_GP,Grand Prix of Europe,9,3,FALSE,laps,77,
Formula 1 (Retro Gen 3),Cascais_1988,Grande Prémio de Portugal,10,2,TRUE,laps,69,
Formula 1 (Classic Gen 1),Jacarepagua_Historic,Grande Prêmio do Jacarepaguá,2,2,TRUE,laps,60,
Formula 1 (Classic Gen 1),Jerez_GP1988,Gran Premio de España,3,1,TRUE,laps,72,
Formula 1 (Classic Gen 1),Imola_GP_1988,Gran Premio di San Marino,3,3,TRUE,laps,60,
Formula 1 (Classic Gen 1),Azure_Circuit_2021,Grand Prix Automobile de Monaco,5,1,TRUE,laps,78,
Formula 1 (Classic Gen 1),Spa_Francorchamps_1993,Grand Prix de Belgique,6,1,TRUE,laps,44,
Formula 1 (Classic Gen 1),Montreal_Historic,Grand Prix du Canada,6,3,FALSE,laps,68,
Formula 1 (Classic Gen 1),BrandsHatch_GP,Grand Prix of Europe,7,2,FALSE,laps,77,
Formula 1 (Classic Gen 1),Hockenheim_1988,Großer Preis von Deutschland,7,4,TRUE,laps,45,
Formula 1 (Classic Gen 1),Spielberg_Historic,Grand Prix von Österreich,8,2,TRUE,laps,51,
Formula 1 (Classic Gen 1),Monza_1991,Gran Premio d'Italia,8,4,FALSE,laps,52,
Formula 1 (Classic Gen 1),Cascais_1988,Grande Prémio de Portugal,9,2,TRUE,laps,69,
Formula 1 (Classic Gen 1),Silverstone_1975,British Grand Prix,10,1,FALSE,laps,64,
Formula 1 (Classic Gen 1),Adelaide_Historic,Australian Grand Prix,11,1,TRUE,laps,80,
Formula 1 (Classic Gen 1),Kansai_GP,Japan Grand Prix,11,3,TRUE,laps,52,
Formula 1 (Classic Gen 2),Jacarepagua_Historic,Grande Prêmio do Jacarepaguá,2,2,TRUE,laps,60,
Formula 1 (Classic Gen 2),Imola_GP_1988,Gran Premio di San Marino,4,1,TRUE,laps,60,
Formula 1 (Classic Gen 2),Azure_Circuit_2021,Grand Prix Automobile de Monaco,5,1,TRUE,laps,78,
Formula 1 (Classic Gen 2),Montreal_Historic,Grand Prix du Canada,6,1,TRUE,laps,68,
Formula 1 (Classic Gen 2),Silverstone_1975,British Grand Prix,7,1,TRUE,laps,64,
Formula 1 (Classic Gen 2),Hockenheim_1988,Großer Preis von Deutschland,7,3,TRUE,laps,45,
Formula 1 (Classic Gen 2),Spa_Francorchamps_1993,Grand Prix de Belgique,8,1,TRUE,laps,44,
Formula 1 (Classic Gen 2),Monza_1991,Gran Premio d'Italia,8,3,TRUE,laps,52,
Formula 1 (Classic Gen 2),Cascais_1988,Grande Prémio de Portugal,9,1,TRUE,laps,69,
Formula 1 (Classic Gen 2),Jerez_GP1988,Gran Premio de España,9,3,TRUE,laps,72,
Formula 1 (Classic Gen 2),Kansai_GP,Japan Grand Prix,10,1,TRUE,laps,52,
Formula 1 (Classic Gen 2),Adelaide_Historic,Australian Grand Prix,11,1,TRUE,laps,80,
Formula 1 (Classic Gen 3),Interlagos_1991,Grande Prêmio do Brasil,2,2,TRUE,laps,70,
Formula 1 (Classic Gen 3),Imola_GP_1988,Gran Premio di San Marino,4,1,TRUE,laps,60,
Formula 1 (Classic Gen 3),Azure_Circuit_2021,Grand Prix Automobile de Monaco,5,1,TRUE,laps,78,
Formula 1 (Classic Gen 3),Montreal_Historic,Grand Prix du Canada,6,1,TRUE,laps,68,
Formula 1 (Classic Gen 3),Silverstone_1975,British Grand Prix,7,1,TRUE,laps,64,
Formula 1 (Classic Gen 3),Hockenheim_1988,Großer Preis von Deutschland,7,3,TRUE,laps,45,
Formula 1 (Classic Gen 3),Spa_Francorchamps_1993,Grand Prix de Belgique,8,1,TRUE,laps,44,
Formula 1 (Classic Gen 3),Monza_1991,Gran Premio d'Italia,8,3,TRUE,laps,52,
Formula 1 (Classic Gen 3),Cascais_1988,Grande Prémio de Portugal,9,1,TRUE,laps,69,
Formula 1 (Classic Gen 3),Jerez_GP1988,Gran Premio de España,9,3,TRUE,laps,72,
Formula 1 (Classic Gen 3),Kansai_GP,Japan Grand Prix,10,1,TRUE,laps,52,
Formula 1 (Classic Gen 3),Adelaide_Historic,Australian Grand Prix,11,1,TRUE,laps,80,
Formula 1 (Classic Gen 4),Interlagos_1991,Grande Prêmio do Brasil,2,2,TRUE,laps,70,
Formula 1 (Classic Gen 4),Imola_GP_1988,Gran Premio di San Marino,4,1,TRUE,laps,60,
Formula 1 (Classic Gen 4),Azure_Circuit_2021,Grand Prix Automobile de Monaco,5,1,TRUE,laps,78,
Formula 1 (Classic Gen 4),Montreal_Historic_1991,Grand Prix du Canada,6,1,TRUE,laps,68,
Formula 1 (Classic Gen 4),Silverstone_1991,British Grand Prix,7,1,TRUE,laps,58,
Formula 1 (Classic Gen 4),Hockenheim_1988,Großer Preis von Deutschland,7,3,TRUE,laps,45,
Formula 1 (Classic Gen 4),Spa_Francorchamps_1993,Grand Prix de Belgique,8,1,TRUE,laps,44,
Formula 1 (Classic Gen 4),Monza_1991,Gran Premio d'Italia,8,3,TRUE,laps,52,
Formula 1 (Classic Gen 4),Cascais_1988,Grande Prémio de Portugal,9,1,TRUE,laps,69,
Formula 1 (Classic Gen 4),Barcelona_1991,Gran Premio de España,9,3,TRUE,laps,64,
Formula 1 (Classic Gen 4),Kansai_GP,Japan Grand Prix,10,1,TRUE,laps,52,
Formula 1 (Classic Gen 4),Adelaide_Historic,Australian Grand Prix,11,1,TRUE,laps,80,
Formula 1 (HiTech Gen 1),Kyalami_2019,South African Grand Prix,2,2,TRUE,laps,67,
Formula 1 (HiTech Gen 1),Interlagos_1991,Grande Prêmio do Brasil,4,1,TRUE,laps,70,
Formula 1 (HiTech Gen 1),Barcelona_1991,Gran Premio de España,5,1,TRUE,laps,64,
Formula 1 (HiTech Gen 1),Imola_GP_1988,Gran Premio di San Marino,6,1,TRUE,laps,60,
Formula 1 (HiTech Gen 1),Azure_Circuit_2021,Grand Prix Automobile de Monaco,7,1,TRUE,laps,78,
Formula 1 (HiTech Gen 1),Montreal_Historic_1991,Grand Prix du Canada,7,3,TRUE,laps,68,
Formula 1 (HiTech Gen 1),Silverstone_1991,British Grand Prix,8,1,TRUE,laps,58,
Formula 1 (HiTech Gen 1),Hockenheim_1988,Großer Preis von Deutschland,8,3,TRUE,laps,45,
Formula 1 (HiTech Gen 1),Spa_Francorchamps_1993,Grand Prix de Belgique,9,1,TRUE,laps,44,
Formula 1 (HiTech Gen 1),Monza_1991,Gran Premio d'Italia,9,3,TRUE,laps,52,
Formula 1 (HiTech Gen 1),Cascais_1988,Grande Prémio de Portugal,10,1,TRUE,laps,69,
Formula 1 (HiTech Gen 1),Kansai_GP,Japan Grand Prix,11,1,TRUE,laps,52,
Formula 1 (HiTech Gen 1),Adelaide_Historic,Australian Grand Prix,11,3,TRUE,laps,80,
Formula 1 (HiTech Gen 2),Kyalami_2019,South African Grand Prix,2,2,TRUE,laps,67,
Formula 1 (HiTech Gen 2),Interlagos_1993,Grande Prêmio do Brasil,3,2,TRUE,laps,70,
Formula 1 (HiTech Gen 2),Donington_GP,European Grand Prix,4,1,FALSE,laps,75,
Formula 1 (HiTech Gen 2),Imola_GP_1988,Gran Premio di San Marino,5,1,TRUE,laps,60,
Formula 1 (HiTech Gen 2),Barcelona_1991,Gran Premio de España,6,1,TRUE,laps,64,
Formula 1 (HiTech Gen 2),Azure_Circuit_2021,Grand Prix Automobile de Monaco,7,1,TRUE,laps,78,
Formula 1 (HiTech Gen 2),Montreal_Historic_1991,Grand Prix du Canada,7,3,TRUE,laps,68,
Formula 1 (HiTech Gen 2),Silverstone_1991,British Grand Prix,8,1,TRUE,laps,58,
Formula 1 (HiTech Gen 2),Hockenheim_1988,Großer Preis von Deutschland,8,3,TRUE,laps,45,
Formula 1 (HiTech Gen 2),Spa_Francorchamps_1993,Grand Prix de Belgique,9,1,TRUE,laps,44,
Formula 1 (HiTech Gen 2),Monza_1991,Gran Premio d'Italia,9,3,TRUE,laps,52,
Formula 1 (HiTech Gen 2),Cascais_1988,Grande Prémio de Portugal,10,1,TRUE,laps,69,
Formula 1 (HiTech Gen 2),Jerez_GP2019,Gran Premio de Europa,10,2,FALSE,laps,68,
Formula 1 (HiTech Gen 2),Kansai_GP,Japan Grand Prix,11,1,TRUE,laps,52,
Formula 1 (HiTech Gen 2),Adelaide_Historic,Australian Grand Prix,11,3,TRUE,laps,80,
Formula 1 (Edge),Interlagos_1993,Grande Prêmio do Brasil,2,2,TRUE,laps,70,
Formula 1 (Edge),Buenos_Aires_Circuito_6T,Gran Premio de Argentina,3,2,TRUE,laps,71,
Formula 1 (Edge),Imola_GP_2001,Gran Premio di San Marino,4,1,TRUE,laps,61,
Formula 1 (Edge),Barcelona_1991,Gran Premio de España,5,1,TRUE,laps,64,
Formula 1 (Edge),Azure_Circuit_2021,Grand Prix Automobile de Monaco,6,1,TRUE,laps,78,
Formula 1 (Edge),Montreal_Historic_1991,Grand Prix du Canada,7,1,TRUE,laps,68,
Formula 1 (Edge),Silverstone_1991,British Grand Prix,7,3,TRUE,laps,58,
Formula 1 (Edge),Hockenheim_1988,Großer Preis von Deutschland,8,1,TRUE,laps,45,
Formula 1 (Edge),Spa_Francorchamps_1993,Grand Prix de Belgique,8,3,TRUE,laps,44,
Formula 1 (Edge),Monza_1991,Gran Premio d'Italia,9,1,TRUE,laps,52,
Formula 1 (Edge),Cascais_1988,Grande Prémio de Portugal,9,3,TRUE,laps,69,
Formula 1 (Edge),Nurb_GP_2020,Großer Preis von Europa,10,1,TRUE,laps,59,
Formula 1 (Edge),Kansai_GP,Japan Grand Prix,10,2,TRUE,laps,52,
Formula 1 (Edge),Adelaide_Historic,Australian Grand Prix,11,1,TRUE,laps,80,
Formula 1 (V10 Gen 1),Interlagos_1993,Grande Prêmio do Brasil,2,2,TRUE,laps,70,
Formula 1 (V10 Gen 1),Buenos_Aires_Circuito_6T,Gran Premio de Argentina,3,2,TRUE,laps,71,
Formula 1 (V10 Gen 1),Imola_GP_2001,Gran Premio di San Marino,4,1,TRUE,laps,61,
Formula 1 (V10 Gen 1),Azure_Circuit_2021,Grand Prix Automobile de Monaco,5,1,TRUE,laps,78,
Formula 1 (V10 Gen 1),Barcelona_1991,Gran Premio de España,6,1,TRUE,laps,64,
Formula 1 (V10 Gen 1),Montreal_Historic_1991,Grand Prix du Canada,7,1,TRUE,laps,68,
Formula 1 (V10 Gen 1),Silverstone_2001,British Grand Prix,7,3,TRUE,laps,59,
Formula 1 (V10 Gen 1),Hockenheim_1988,Großer Preis von Deutschland,8,1,TRUE,laps,45,
Formula 1 (V10 Gen 1),Spa_Francorchamps_1993,Grand Prix de Belgique,8,3,TRUE,laps,44,
Formula 1 (V10 Gen 1),Monza_1991,Gran Premio d'Italia,9,1,TRUE,laps,52,
Formula 1 (V10 Gen 1),Spielberg_Modern,Großer Preis von Österreich,9,3,TRUE,laps,70,
Formula 1 (V10 Gen 1),Nurb_GP_2020,Großer Preis von Luxemburg,10,1,TRUE,laps,59,
Formula 1 (V10 Gen 1),Kansai_GP,Japan Grand Prix,10,2,TRUE,laps,52,
Formula 1 (V10 Gen 1),Jerez_GP2019,Gran Premio de Europa,11,1,TRUE,laps,68,
Formula 1 (V10 Gen 2),Interlagos_GP,Grande Prêmio do Brasil,2,2,TRUE,laps,70,
Formula 1 (V10 Gen 2),Imola_GP_2001,Gran Premio di San Marino,3,2,TRUE,laps,61,
Formula 1 (V10 Gen 2),Silverstone_2001,British Grand Prix,4,1,TRUE,laps,59,
Formula 1 (V10 Gen 2),Barcelona_1991,Gran Premio de España,5,1,TRUE,laps,64,
Formula 1 (V10 Gen 2),Nurb_GP_2020,Großer Preis von Europa,6,1,TRUE,laps,59,
Formula 1 (V10 Gen 2),Azure_Circuit_2021,Grand Prix Automobile de Monaco,7,1,TRUE,laps,78,
Formula 1 (V10 Gen 2),Kansai_GP,Japan Grand Prix,7,3,TRUE,laps,52,
Formula 1 (V10 Gen 2),Montreal_Modern,Grand Prix du Canada,8,1,TRUE,laps,69,
Formula 1 (V10 Gen 2),Spielberg_Modern,Großer Preis von Österreich,8,3,TRUE,laps,70,
Formula 1 (V10 Gen 2),Hockenheim_GP,Großer Preis von Deutschland,9,1,TRUE,laps,66,
Formula 1 (V10 Gen 2),Spa_Francorchamps_2005,Grand Prix de Belgique,9,3,TRUE,laps,44,
Formula 1 (V10 Gen 2),Monza_2020,Gran Premio d'Italia,10,1,TRUE,laps,52,
Formula 1 (V10 Gen 2),Indianapolis_2022_RC,United States Grand Prix,10,2,TRUE,laps,77,
Formula 1 (V8 Gen 3),Circuit_de_Catalunya_GP,Gran Premio de España,2,2,TRUE,laps,65,
Formula 1 (V8 Gen 3),Azure_Circuit_2021,Grand Prix Automobile de Monaco,3,2,TRUE,laps,78,
Formula 1 (V8 Gen 3),Montreal_Modern,Grand Prix du Canada,4,1,TRUE,laps,69,
Formula 1 (V8 Gen 3),Silverstone_GP,British Grand Prix,5,1,TRUE,laps,51,
Formula 1 (V8 Gen 3),Hockenheim_GP,Großer Preis von Deutschland,6,1,TRUE,laps,66,
Formula 1 (V8 Gen 3),Spa_Francorchamps_2020,Grand Prix de Belgique,7,1,TRUE,laps,43,
Formula 1 (V8 Gen 3),Monza_2020,Gran Premio d'Italia,7,3,TRUE,laps,52,
Formula 1 (V8 Gen 3),Kansai_GP,Japan Grand Prix,8,1,TRUE,laps,52,
Formula 1 (V8 Gen 3),Indianapolis_2022_RC,United States Grand Prix,8,3,TRUE,laps,77,
Formula 1 (V8 Gen 3),Nurb_GP_2020,Großer Preis von Luxemburg,9,1,TRUE,laps,59,
Formula 1 (V8 Gen 3),Spielberg_Modern,Großer Preis von Österreich,9,3,TRUE,laps,70,
Formula 1 (V8 Gen 3),Interlagos_GP,Grande Prêmio do Brasil,10,1,TRUE,laps,70,
Formula 1 (Hybrid Gen 1),Circuit_de_Catalunya_GP,Gran Premio de España,2,2,TRUE,laps,65,
Formula 1 (Hybrid Gen 1),Azure_Circuit_2021,Grand Prix Automobile de Monaco,3,2,TRUE,laps,78,
Formula 1 (Hybrid Gen 1),Montreal_Modern,Grand Prix du Canada,4,1,TRUE,laps,69,
Formula 1 (Hybrid Gen 1),Spielberg_Modern,Großer Preis von Österreich,5,1,TRUE,laps,70,
Formula 1 (Hybrid Gen 1),Silverstone_GP,British Grand Prix,6,1,TRUE,laps,51,
Formula 1 (Hybrid Gen 1),Hockenheim_GP,Großer Preis von Deutschland,7,1,TRUE,laps,66,
Formula 1 (Hybrid Gen 1),Spa_Francorchamps_2020,Grand Prix de Belgique,7,3,TRUE,laps,43,
Formula 1 (Hybrid Gen 1),Monza_2020,Gran Premio d'Italia,8,1,TRUE,laps,52,
Formula 1 (Hybrid Gen 1),Kansai_GP,Japan Grand Prix,8,3,TRUE,laps,52,
Formula 1 (Hybrid Gen 1),Indianapolis_2022_RC,United States Grand Prix,9,1,TRUE,laps,77,
Formula 1 (Hybrid Gen 1),Interlagos_GP,Grande Prêmio do Brasil,9,3,TRUE,laps,70,
Formula 1 (Hybrid Gen 1),Nurb_GP_2020,Großer Preis von Luxemburg,10,1,TRUE,laps,59,
Formula 1 (Hybrid Gen 2),Circuit_de_Catalunya_GP,Gran Premio de España,2,2,TRUE,laps,65,
Formula 1 (Hybrid Gen 2),Azure_Circuit_2021,Grand Prix Automobile de Monaco,3,2,TRUE,laps,78,
Formula 1 (Hybrid Gen 2),Montreal_Modern,Grand Prix du Canada,4,1,TRUE,laps,69,
Formula 1 (Hybrid Gen 2),Spielberg_Modern,Großer Preis von Österreich,5,1,TRUE,laps,70,
Formula 1 (Hybrid Gen 2),Silverstone_GP,British Grand Prix,6,1,TRUE,laps,51,
Formula 1 (Hybrid Gen 2),Hockenheim_GP,Großer Preis von Deutschland,7,1,TRUE,laps,66,
Formula 1 (Hybrid Gen 2),Spa_Francorchamps_2020,Grand Prix de Belgique,7,3,TRUE,laps,43,
Formula 1 (Hybrid Gen 2),Monza_2020,Gran Premio d'Italia,8,1,TRUE,laps,52,
Formula 1 (Hybrid Gen 2),Kansai_GP,Japan Grand Prix,8,3,TRUE,laps,52,
Formula 1 (Hybrid Gen 2),Indianapolis_2022_RC,United States Grand Prix,9,1,TRUE,laps,77,
Formula 1 (Hybrid Gen 2),Nurb_GP_2020,Grosser Preis der Eifel,10,1,TRUE,laps,59,
Formula 1 (Hybrid Gen 2),Imola_GP_2018,Gran Premio dell'Emilia Romagna,10,3,TRUE,laps,62,
Formula 1 (Hybrid Gen 2),Interlagos_GP,Grande Prêmio do Brasil,11,2,TRUE,laps,70,
Formula 1 (Hybrid Gen 3),Interlagos_GP,Grande Prêmio do Brasil,2,1,TRUE,laps,70,
Formula 1 (Hybrid Gen 3),Kyalami_2019,South African Grand Prix,2,3,FALSE,laps,67,
Formula 1 (Hybrid Gen 3),Imola_GP_2018,Gran Premio dell'Emilia Romagna,3,1,FALSE,laps,62,
Formula 1 (Hybrid Gen 3),Circuit_de_Catalunya_GP,Gran Premio de España,3,3,TRUE,laps,65,
Formula 1 (Hybrid Gen 3),Hockenheim_GP,Großer Preis von Deutschland,4,3,FALSE,laps,66,
Formula 1 (Hybrid Gen 3),Azure_Circuit_2021,Grand Prix Automobile de Monaco,5,1,TRUE,laps,78,
Formula 1 (Hybrid Gen 3),Road_America_RC,Wisconsin Grand Prix,5,3,FALSE,laps,47,
Formula 1 (Hybrid Gen 3),Cascais,Grande Prémio de Portugal,6,1,FALSE,laps,72,
Formula 1 (Hybrid Gen 3),Montreal_Modern,Grand Prix du Canada,6,3,TRUE,laps,69,
Formula 1 (Hybrid Gen 3),Indianapolis_2022_RC,United States Grand Prix,7,1,FALSE,laps,77,
Formula 1 (Hybrid Gen 3),Silverstone_GP,British Grand Prix,7,3,TRUE,laps,51,
Formula 1 (Hybrid Gen 3),Le_Mans_Circuit_Bugatti,Grand Prix de France,8,1,FALSE,laps,72,
Formula 1 (Hybrid Gen 3),Spielberg_Modern,Großer Preis von Österreich,8,2,TRUE,laps,70,
Formula 1 (Hybrid Gen 3),Indianapolis_2022_RC,United States Grand Prix,9,1,FALSE,laps,77,
Formula 1 (Hybrid Gen 3),Spa_Francorchamps_2022,Grand Prix de Belgique,9,3,TRUE,laps,43,
Formula 1 (Hybrid Gen 3),Jerez_GP2019,Gran Premio de Andalucía,10,1,FALSE,laps,68,
Formula 1 (Hybrid Gen 3),Monza_2020,Gran Premio d'Italia,10,2,TRUE,laps,52,
Formula 1 (Hybrid Gen 3),Watkins_Glen_GPIL,United States Grand Prix East,11,1,FALSE,laps,55,
Formula 1 (Hybrid Gen 3),Nurb_GP_2020,Grosser Preis der Eifel,11,2,FALSE,laps,59,
Formula 1 (Hybrid Gen 3),Kansai_GP,Japan Grand Prix,12,1,TRUE,laps,52,
Stock Car Brasil (1979),Taruma_Internacional,GP de Viamão,4,1,FALSE,laps,34,
Stock Car Brasil (1979),Guapore,GP de Guaporé,4,3,FALSE,laps,33,
Stock Car Brasil (1979),Interlagos_Historic_Outer,GP de São Paulo,5,1,FALSE,laps,31,
Stock Car Brasil (1979),Jacarepagua_Historic,GP do Rio de Janeiro,6,2,FALSE,laps,20,
Stock Car Brasil (1979),GoianiaMixed,GP de Goiânia,7,1,FALSE,laps,27,
Stock Car Brasil (1979),Brasilia_Outer,GP de Brasília,7,3,FALSE,laps,35,
Stock Car Brasil (1979),Cascais_1988,Troféu Grão-Pará Hotel Group,8,1,FALSE,laps,23,
Stock Car Brasil (1979),Interlagos_Historic_Outer,GP Nacional,8,3,FALSE,laps,31,
Stock Car Brasil (1979),Taruma_Chicane,GP de Tarumã,9,1,FALSE,laps,33,
Stock Car Brasil (1979),GoianiaOuter,GP das Esmeraldas,9,3,FALSE,laps,39,
Stock Car Brasil (1979),Brasilia_Full,GP do Brasil,10,1,FALSE,laps,19,
Stock Car Brasil (1979),Jacarepagua_Historic,GP da Guanabara,10,3,FALSE,laps,20,
Stock Car Brasil (1979),Cascavel2,GP de Cascavel,11,1,FALSE,laps,31,
Stock Car Brasil (1986),Taruma_Internacional,GP de Viamão,4,1,FALSE,laps,34,
Stock Car Brasil (1986),Jacarepagua_Historic,GP do Rio de Janeiro,4,3,FALSE,laps,20,
Stock Car Brasil (1986),Interlagos_1991,GP Nacional,5,1,FALSE,laps,24,
Stock Car Brasil (1986),Guapore,GP de Guaporé,6,2,FALSE,laps,33,
Stock Car Brasil (1986),Brasilia_Full,GP do Brasil,7,1,FALSE,laps,19,
Stock Car Brasil (1986),GoianiaOuter,GP das Esmeraldas,7,3,FALSE,laps,39,
Stock Car Brasil (1986),Cascavel2,GP de Cascavel,8,1,FALSE,laps,31,
Stock Car Brasil (1986),Curitiba_outer,GP de Curitiba,8,3,FALSE,laps,39,
Stock Car Brasil (1986),GoianiaMixed,GP de Goiânia,9,1,FALSE,laps,27,
Stock Car Brasil (1986),Brasilia_Outer,GP de Brasília,9,3,FALSE,laps,35,
Stock Car Brasil (1986),Interlagos_1991,GP de São Paulo,10,1,FALSE,laps,24,
Stock Car Brasil (1986),CuritibaInternacional,GP do Paraná,10,3,FALSE,laps,28,
Stock Car Brasil (1986),Londrina_long,GP de Londrina,11,1,FALSE,laps,32,
Stock Car Brasil (1999),Curitiba_outer,GP de Curitiba,3,3,FALSE,laps,39,
Stock Car Brasil (1999),Taruma_Internacional,GP de Viamão,4,1,FALSE,laps,34,
Stock Car Brasil (1999),Interlagos_SCB,GP de São Paulo,4,3,FALSE,laps,24,
Stock Car Brasil (1999),GoianiaOuter,GP das Esmeraldas,5,1,FALSE,laps,39,
Stock Car Brasil (1999),Londrina_long,GP de Londrina,5,3,FALSE,laps,32,
Stock Car Brasil (1999),Jacarepagua_OVAL,GP da Guanabara,6,1,FALSE,laps,34,
Stock Car Brasil (1999),CuritibaInternacional,GP do Paraná,6,3,FALSE,laps,28,
Stock Car Brasil (1999),CampoGrande1,GP de Campo Grande,7,1,FALSE,laps,30,
Stock Car Brasil (1999),Buenos_Aires_Circuito_7,GP de Buenos Aires,7,3,FALSE,laps,39,
Stock Car Brasil (1999),Guapore,GP de Guaporé,8,1,FALSE,laps,33,
Stock Car Brasil (1999),Brasilia_Outer,GP de Brasília,8,3,FALSE,laps,35,
Stock Car Brasil (1999),Jacarepagua_SCB,GP de Jacarepaguá,9,1,FALSE,laps,31,
Stock Car Brasil (1999),GoianiaMixed,GP de Goiânia,9,3,FALSE,laps,27,
Stock Car Brasil (1999),Taruma_Chicane,GP de Tarumã,10,1,FALSE,laps,33,
Stock Car Brasil (1999),Brasilia_Full,GP do Brasil,10,3,FALSE,laps,19,
Stock Car Brasil (1999),SantaCruzDoSul,GP de Santa Cruz,11,1,FALSE,laps,31,
Stock Car Brasil (2010),Interlagos_SCB,GP de São Paulo,3,3,FALSE,laps,24,
Stock Car Brasil (2010),Curitiba_outer,GP de Curitiba,4,1,FALSE,laps,39,
Stock Car Brasil (2010),Velopark_2010,GP de Velopark,4,3,FALSE,laps,47,
Stock Car Brasil (2010),CampoGrande1,GP de Campo Grande,5,1,FALSE,laps,30,
Stock Car Brasil (2010),GoianiaOuter,GP das Esmeraldas,5,3,FALSE,laps,39,
Stock Car Brasil (2010),Londrina_long,GP de Londrina,6,1,FALSE,laps,32,
Stock Car Brasil (2010),SantaCruzDoSul,GP de Santa Cruz,6,3,FALSE,laps,31,
Stock Car Brasil (2010),Brasilia_Full,GP do Brasil,7,1,FALSE,laps,19,
Stock Car Brasil (2010),Cascavel2,GP de Cascavel,7,3,FALSE,laps,31,
Stock Car Brasil (2010),Taruma_Internacional,GP de Viamão,8,1,FALSE,laps,34,
Stock Car Brasil (2010),Buenos_Aires_Circuito_15,Buenos Aires 200km,8,3,FALSE,laps,34,
Stock Car Brasil (2010),GoianiaMixed,GP de Goiânia,9,1,FALSE,laps,27,
Stock Car Brasil (2010),Brasilia_Outer,GP de Brasília,9,3,FALSE,laps,35,
Stock Car Brasil (2010),CuritibaInternacional,GP do Paraná,10,1,FALSE,laps,28,
Stock Car Brasil (2010),CurveloLong,GP dos Cristais,10,3,FALSE,laps,23,
Stock Car Brasil (2010),Taruma_Chicane,GP de Tarumã,11,1,FALSE,laps,33,
Stock Car Brasil (2010),VeloCitta1,GP de Velo Città,11,3,FALSE,laps,31,
Stock Car Brasil (2010),Salvador_Street_Circuit,GP de Salvador,12,1,FALSE,laps,37,
Stock Car Brasil (2020),Velopark_2017,GP de Velopark,4,2,TRUE,time,50,
Stock Car Brasil (2020),CampoGrande1,GP de Campo Grande,6,1,TRUE,time,50,
Stock Car Brasil (2020),SantaCruzDoSul,GP de Santa Cruz,7,2,TRUE,time,50,
Stock Car Brasil (2020),GoianiaOuter,GP das Esmeraldas,7,4,TRUE,time,50,
Stock Car Brasil (2020),Londrina_long,GP de Londrina,9,2,TRUE,time,50,
Stock Car Brasil (2020),Cascavel2,GP de Cascavel,10,1,TRUE,time,50,
Stock Car Brasil (2020),VeloCitta1,GP de Velo Città,10,3,TRUE,time,50,
Stock Car Brasil (2020),Curitiba_outer,GP de Curitiba,11,1,TRUE,time,50,
Stock Car Brasil (2020),GoianiaMixed,GP de Goiânia,11,3,TRUE,time,50,
Stock Car Brasil (2020),Interlagos_SCB,Grande Final,12,2,TRUE,time,50,
Stock Car Brasil (2021),GoianiaOuter,GP das Esmeraldas,4,3,TRUE,time,50,
Stock Car Brasil (2021),Interlagos_SCB,GP de São Paulo,5,2,TRUE,time,50,
Stock Car Brasil (2021),VeloCitta1,GP de Velo Città,6,2,TRUE,time,50,
Stock Car Brasil (2021),Cascavel2,GP de Cascavel,7,1,TRUE,time,50,
Stock Car Brasil (2021),Curitiba_outer,GP de Curitiba,8,1,TRUE,time,50,
Stock Car Brasil (2021),CuritibaInternacional,GP do Paraná,8,2,TRUE,time,50,
Stock Car Brasil (2021),GoianiaMixed,GP de Goiânia,9,2,TRUE,time,50,
Stock Car Brasil (2021),VeloCitta1,GP de Mogi Guaçu,10,3,TRUE,time,50,
Stock Car Brasil (2021),SantaCruzDoSul,GP de Santa Cruz,11,3,TRUE,time,50,
Stock Car Brasil (2021),Interlagos_SCB,Grande Final,12,2,TRUE,time,50,
Stock Car Pro Series (2022),Interlagos_SCB,Corrida de Duplas,2,2,TRUE,time,50,
Stock Car Pro Series (2022),GoianiaOuter,GP das Esmeraldas,3,2,TRUE,time,50,
Stock Car Pro Series (2022),Galeao_Airport,GP do Galeão,4,1,TRUE,time,50,
Stock Car Pro Series (2022),VeloCitta1,GP de Velo Città,5,2,TRUE,time,50,
Stock Car Pro Series (2022),Velopark_2017,GP de Velopark,7,1,TRUE,time,50,
Stock Car Pro Series (2022),Interlagos_SCB,GP de São Paulo,7,3,TRUE,time,50,
Stock Car Pro Series (2022),VeloCitta1,GP de Mogi Guaçu,9,1,TRUE,time,50,
Stock Car Pro Series (2022),SantaCruzDoSul,GP de Santa Cruz,9,3,TRUE,time,50,
Stock Car Pro Series (2022),GoianiaMixed,GP de Goiânia,10,3,TRUE,time,50,
Stock Car Pro Series (2022),Brasilia_Full,Super Final BRB,12,1,TRUE,time,50,
Stock Car Pro Series (2023),GoianiaMixed,GP de Goiânia,8,3,TRUE,time,50,
Stock Car Pro Series (2023),Interlagos_SCB,GP de São Paulo,4,3,TRUE,time,50,
Stock Car Pro Series (2023),Taruma_Internacional,GP de Viamão,5,3,TRUE,time,50,
Stock Car Pro Series (2023),Cascavel2,GP de Cascavel,6,2,TRUE,time,50,
Stock Car Pro Series (2023),Interlagos_SCB,GP Nacional,7,1,TRUE,time,50,
Stock Car Pro Series (2023),VeloCitta1,GP de Velo Città,8,1,TRUE,time,50,
Stock Car Pro Series (2023),GoianiaOuter,GP das Esmeraldas,4,1,TRUE,time,50,
Stock Car Pro Series (2023),Velopark_2017,GP de Velopark,9,2,TRUE,time,50,
Stock Car Pro Series (2023),Buenos_Aires_Circuito_8,GP de Buenos Aires,10,1,TRUE,time,50,
Stock Car Pro Series (2023),VeloCitta1,GP de Mogi Guaçu,10,3,TRUE,time,50,
Stock Car Pro Series (2023),Cascavel2,GP de Cascavel,11,3,TRUE,time,50,
Stock Car Pro Series (2023),Interlagos_SCB,Super Final BRB,12,2,TRUE,time,50,
Stock Car Pro Series,GoianiaOuter,GP das Esmeraldas,3,1,FALSE,time,50,
Stock Car Pro Series,VeloCitta1,GP de Velo Città,3,3,FALSE,time,50,
Stock Car Pro Series,Interlagos_SCB,GP de São Paulo,4,1,FALSE,time,50,
Stock Car Pro Series,Brasilia_Full,GP do Brasil,4,3,FALSE,time,50,
Stock Car Pro Series,Cascavel2,GP de Cascavel,5,1,FALSE,time,50,
Stock Car Pro Series,Guapore,GP de Guaporé,5,3,FALSE,time,50,
Stock Car Pro Series,Velopark_2017,GP de Velopark,6,1,FALSE,time,50,
Stock Car Pro Series,Buenos_Aires_Circuito_9,GP de Buenos Aires,6,3,FALSE,time,50,
Stock Car Pro Series,Taruma_Internacional,GP de Tarumã,7,2,FALSE,time,50,
Stock Car Pro Series,SantaCruzDoSul,GP de Santa Cruz,8,3,FALSE,time,50,
Stock Car Pro Series,Brasilia_Outer,GP de Brasília,9,2,FALSE,time,50,
Stock Car Pro Series,GoianiaMixed,GP de Goiânia,9,3,FALSE,time,50,
Stock Car Pro Series,CurveloLong,GP dos Cristais,10,1,FALSE,time,50,
Stock Car Pro Series,VeloCitta1,GP de Mogi Guaçu,10,3,FALSE,time,50,
Stock Car Pro Series,CampoGrande1,GP de Campo Grande,11,1,FALSE,time,50,
Stock Car Pro Series,Londrina_long,GP de Londrina,11,3,FALSE,time,50,
Stock Car Pro Series,Interlagos_SCB,Super Final BRB,12,2,TRUE,time,50,
NASCAR Brasil Series,Interlagos_SCB,GP de São Paulo,3,3,FALSE,time,25,
NASCAR Brasil Series,Curitiba_outer,GP de Curitiba,4,1,FALSE,time,25,
NASCAR Brasil Series,Londrina_long,GP de Londrina,4,3,FALSE,time,25,
NASCAR Brasil Series,GoianiaMixed,GP de Goiânia,5,1,FALSE,time,25,
NASCAR Brasil Series,Taruma_Internacional,GP de Tarumã,5,3,FALSE,time,25,
NASCAR Brasil Series,Brasilia_Outer,GP de Brasília,6,1,FALSE,time,25,
NASCAR Brasil Series,Cascavel2,GP de Cascavel,6,3,FALSE,time,25,
NASCAR Brasil Series,SantaCruzDoSul,GP de Santa Cruz,7,1,FALSE,time,25,
NASCAR Brasil Series,VeloCitta1,GP de Velo Città,7,3,FALSE,time,25,
NASCAR Brasil Series,Sebring,Sebring GP,8,1,FALSE,time,25,
NASCAR Brasil Series,CuritibaInternacional,GP do Paraná,8,3,FALSE,time,25,
NASCAR Brasil Series,GoianiaOuter,GP das Esmeraldas,9,1,FALSE,time,25,
NASCAR Brasil Series,Interlagos_SCB,GP Nacional,9,3,FALSE,time,25,
NASCAR Brasil Series,CampoGrande1,GP de Campo Grande,10,1,FALSE,time,25,
NASCAR Brasil Series,CurveloLong,GP dos Cristais,10,3,FALSE,time,25,
NASCAR Brasil Series,VeloCitta1,GP de Mogi Guaçu,11,2,FALSE,time,25,
NASCAR Brasil Series,Brasilia_Full,Grande Final,12,1,TRUE,time,25,
Stock Light Brasil,VeloCitta1,Grande Prêmio VeloCitta,3,1,FALSE,time,40,
Stock Light Brasil,Velopark_2017,Desafio Velopark,3,3,FALSE,time,40,
Stock Light Brasil,GoianiaOuter,Corrida de Duplas,4,1,FALSE,time,40,
Stock Light Brasil,Interlagos_SCB,Corrida do Milhão,5,1,FALSE,time,40,
Stock Light Brasil,Cascavel2,GP Oeste Paranaense,5,3,FALSE,time,40,
Stock Light Brasil,Brasilia_Outer,Grande Prêmio de Brasília,6,1,FALSE,time,40,
Stock Light Brasil,CuritibaInternacional,Grande Prêmio Internacional de Curitiba,6,3,FALSE,time,40,
Stock Light Brasil,SantaCruzDoSul,Troféu Serra Gaúcha,7,1,FALSE,time,40,
Stock Light Brasil,Taruma_Internacional,Desafio Internacional Tarumã,7,3,FALSE,time,40,
Stock Light Brasil,Londrina_long,Grande Prêmio Norte do Paraná,8,1,FALSE,time,40,
Stock Light Brasil,CampoGrande1,GP Centro-Oeste,8,3,FALSE,time,40,
Stock Light Brasil,Curitiba_outer,Desafio de Curitiba,9,1,FALSE,time,40,
Stock Light Brasil,GoianiaMixed,Troféu Goiânia,9,3,FALSE,time,40,
Stock Light Brasil,CurveloLong,Desafio dos Cristais,10,2,FALSE,time,40,
Stock Light Brasil,Brasilia_Full,Super Final,11,1,TRUE,time,40,
NASCAR Cup Series (Gen 3),Daytona_Speedway_Tri_Oval,Daytona 500,2,2,TRUE,laps,200,
NASCAR Cup Series (Gen 3),Road_America_RC,Hanes Activewear 500,2,3,FALSE,laps,124,
NASCAR Cup Series (Gen 3),Indianapolis_2022_Oval,Motorcraft 400,3,2,TRUE,laps,160,
NASCAR Cup Series (Gen 3),Road_Atlanta_2005,Goodwrench 300,3,3,FALSE,laps,118,
NASCAR Cup Series (Gen 3),Pocono_Oval,Van Scoy Diamond Mine 500,4,2,TRUE,laps,200,
NASCAR Cup Series (Gen 3),Sebring,Miller Genuine Draft 300,4,3,FALSE,laps,83,
NASCAR Cup Series (Gen 3),Indianapolis_2022_Oval,Mountain Dew 500,5,2,TRUE,laps,200,
NASCAR Cup Series (Gen 3),Indianapolis_2022_RC,Pepsi 400,5,3,FALSE,laps,164,
NASCAR Cup Series (Gen 3),Daytona_Speedway_Tri_Oval,Firecracker 400,6,2,TRUE,laps,160,
NASCAR Cup Series (Gen 3),Daytona_Nascar_Road_Course,Busch Clash 300,6,3,FALSE,laps,85,
NASCAR Cup Series (Gen 3),Pocono_Oval,Mountain Dew 500,7,2,TRUE,laps,200,
NASCAR Cup Series (Gen 3),Virginia_Full,Miller High Life 300,7,3,FALSE,laps,92,
NASCAR Cup Series (Gen 3),Daytona_Speedway_Tri_Oval,Coca Cola 500,8,2,TRUE,laps,200,
NASCAR Cup Series (Gen 3),Daytona_Nascar_Road_Course,Banquet Frozen 300,8,3,FALSE,laps,85,
NASCAR Cup Series (Gen 3),Daytona_Speedway_Tri_Oval,Winston 500,9,2,TRUE,laps,200,
NASCAR Cup Series (Gen 3),Virginia_Full,Valleydale 300,9,3,FALSE,laps,92,
NASCAR Cup Series (Gen 3),Indianapolis_2022_Oval,First Union 400,10,2,TRUE,laps,160,
NASCAR Cup Series (Gen 3),Watkins_Glen_GP,The Budweiser At The Glen,10,3,TRUE,laps,100,
NASCAR Cup Series (Gen 3),Pocono_Oval,Pocono 400,11,2,TRUE,laps,160,
NASCAR Cup Series (Gen 3),Laguna_Seca_2020,Sovran Bank 300,11,3,FALSE,laps,134,
NASCAR Cup Series (Gen 3),Road_America_RCB,Holly Farms 300,12,2,FALSE,laps,74,
NASCAR Cup Series (Gen 3),Indianapolis_2022_Oval,Indiana Finale,12,3,TRUE,laps,240,
NASCAR Cup Series (Gen 4),Daytona_Speedway_Tri_Oval,Daytona 500,2,2,TRUE,laps,200,
NASCAR Cup Series (Gen 4),Daytona_Nascar_Road_Course,Food City 400,2,3,FALSE,laps,113,
NASCAR Cup Series (Gen 4),Fontana_OVAL,DieHard 500,3,2,TRUE,laps,250,
NASCAR Cup Series (Gen 4),Road_America_RC,Kmart 300,3,3,FALSE,laps,74,
NASCAR Cup Series (Gen 4),Gateway_OVAL,Winston 500,4,2,TRUE,laps,400,
NASCAR Cup Series (Gen 4),Road_Atlanta_2005,Pepsi 300,4,3,FALSE,laps,118,
NASCAR Cup Series (Gen 4),Indianapolis_2022_Oval,NAPA 500,5,2,TRUE,laps,200,
NASCAR Cup Series (Gen 4),Virginia_Full,Virginia 300,5,3,FALSE,laps,92,
NASCAR Cup Series (Gen 4),Pocono_Oval,Pocono 500,6,2,TRUE,laps,200,
NASCAR Cup Series (Gen 4),Watkins_Glen_GPIL,Global Crossing At The Glen,6,3,TRUE,laps,100,
NASCAR Cup Series (Gen 4),Gateway_OVAL,Goracing 500,7,2,TRUE,laps,400,
NASCAR Cup Series (Gen 4),Road_America_RCB,DirecTV 300,7,3,FALSE,laps,74,
NASCAR Cup Series (Gen 4),Pocono_Oval,Pennsylvania 400,8,2,TRUE,laps,160,
NASCAR Cup Series (Gen 4),Sebring,Tropicana 300,8,3,FALSE,laps,83,
NASCAR Cup Series (Gen 4),Fontana_OVAL,Coca-Cola 600,9,2,TRUE,laps,300,
NASCAR Cup Series (Gen 4),Indianapolis_2022_Oval,Brickyard 400,9,3,TRUE,laps,160,
NASCAR Cup Series (Gen 4),Indianapolis_2022_RC,Dodge 300,10,2,FALSE,laps,123,
NASCAR Cup Series (Gen 4),Kansai_East,NASCAR Suzuka Thunder Special,11,2,FALSE,laps,100,
NASCAR Cup Series (Gen 4),Daytona_Speedway_Tri_Oval,Finale at Daytona,12,1,TRUE,laps,240,
NASCAR Cup Series (Next Gen),Daytona_Speedway_Tri_Oval,Daytona 500,2,2,TRUE,laps,200,
NASCAR Cup Series (Next Gen),Daytona_Nascar_Road_Course,Autotrader 400,2,3,FALSE,laps,113,
NASCAR Cup Series (Next Gen),Fontana_OVAL,Goodyear 400,3,2,TRUE,laps,200,
NASCAR Cup Series (Next Gen),Road_America_RC,Cook Out 300,3,3,FALSE,laps,74,
NASCAR Cup Series (Next Gen),Gateway_OVAL,Enjoy Illinois 500,4,2,TRUE,laps,400,
NASCAR Cup Series (Next Gen),Road_Atlanta,Cracker Barrel 300,4,3,FALSE,laps,118,
NASCAR Cup Series (Next Gen),Indianapolis_2022_Oval,Coca-Cola 600,5,2,TRUE,laps,240,
NASCAR Cup Series (Next Gen),Virginia_Full,Anduril 250,5,3,FALSE,laps,77,
NASCAR Cup Series (Next Gen),Pocono_Oval,Yellawood 500,6,2,TRUE,laps,200,
NASCAR Cup Series (Next Gen),Watkins_Glen_GPIL,Go Bowling at The Glen,6,3,TRUE,laps,100,
NASCAR Cup Series (Next Gen),Gateway_OVAL,Pennzoil 400,7,2,TRUE,laps,320,
NASCAR Cup Series (Next Gen),Road_America_RCB,Toyota 350,7,3,FALSE,laps,87,
NASCAR Cup Series (Next Gen),Pocono_Oval,Jack Link's 500,8,2,TRUE,laps,200,
NASCAR Cup Series (Next Gen),Sebring,Xfinity 500,8,3,FALSE,laps,138,
NASCAR Cup Series (Next Gen),Fontana_OVAL,Ambetter Health 500,9,2,TRUE,laps,250,
NASCAR Cup Series (Next Gen),Indianapolis_2022_Oval,Brickyard 400,10,2,TRUE,laps,160,
NASCAR Cup Series (Next Gen),Indianapolis_2022_RC,GEICO 300,10,3,FALSE,laps,123,
NASCAR Cup Series (Next Gen),Daytona_Speedway_Tri_Oval,Finale at Daytona,11,2,FALSE,laps,240,
NASCAR Second Division (Gen 3),Daytona_Speedway_Tri_Oval,Goody's 300,2,2,TRUE,laps,120,
NASCAR Second Division (Gen 3),Daytona_Nascar_Road_Course,Komfort Koach 200,2,3,FALSE,laps,57,
NASCAR Second Division (Gen 3),Indianapolis_2022_Oval,Mountain Dew 400,3,2,TRUE,laps,160,
NASCAR Second Division (Gen 3),Road_America_RC,Budweiser 150,3,3,FALSE,laps,37,
NASCAR Second Division (Gen 3),Pocono_Oval,Miller 200,4,2,TRUE,laps,80,
NASCAR Second Division (Gen 3),Pocono_RC1,Kroger 150,4,3,FALSE,laps,60,
NASCAR Second Division (Gen 3),Indianapolis_2022_Oval,Busch 200,5,2,TRUE,laps,80,
NASCAR Second Division (Gen 3),Virginia_Full,Puryear Truck 150,5,3,FALSE,laps,46,
NASCAR Second Division (Gen 3),Pocono_Oval,Hampton 200,6,2,TRUE,laps,80,
NASCAR Second Division (Gen 3),Pocono_RC2,Champion 150,6,3,FALSE,laps,67,
NASCAR Second Division (Gen 3),Watkins_Glen_GP,Fay's 150,7,2,FALSE,laps,45,
NASCAR Second Division (Gen 3),Daytona_Speedway_Tri_Oval,Dixie Cup 200,8,2,TRUE,laps,80,
NASCAR Second Division (Gen 3),Pocono_Oval,Coors Light 300,9,2,TRUE,laps,120,
NASCAR Second Division (Gen 3),Pocono_RC6,Granger Select 200,9,3,FALSE,laps,107,
NASCAR Second Division (Gen 3),Indianapolis_2022_Oval,Gatorade 200,10,2,TRUE,laps,80,
NASCAR Second Division (Gen 3),Road_Atlanta_2005,Autolite 150,10,3,FALSE,laps,59,
NASCAR Second Division (Gen 3),Sebring,SplitFire 150,11,2,FALSE,laps,42,
NASCAR Second Division (Gen 3),Daytona_Speedway_Tri_Oval,Finale at Daytona,12,1,TRUE,laps,200,
NASCAR Second Division (Gen 4),Daytona_Speedway_Tri_Oval,NAPA Auto Parts 300,2,2,TRUE,laps,120,
NASCAR Second Division (Gen 4),Daytona_Nascar_Road_Course,Alltel 200,2,3,FALSE,laps,57,
NASCAR Second Division (Gen 4),Fontana_OVAL,Sam's Town 300,3,2,TRUE,laps,150,
NASCAR Second Division (Gen 4),Road_America_RC,SunCom 200,3,3,FALSE,laps,50,
NASCAR Second Division (Gen 4),Gateway_OVAL,Carquest Auto Parts 250,4,2,TRUE,laps,200,
NASCAR Second Division (Gen 4),Sebring,Econo Lodge 150,4,3,FALSE,laps,42,
NASCAR Second Division (Gen 4),Indianapolis_2022_Oval,Food City 250,5,2,TRUE,laps,100,
NASCAR Second Division (Gen 4),Indianapolis_2022_RC,Medique 150,5,3,FALSE,laps,62,
NASCAR Second Division (Gen 4),Daytona_Speedway_Tri_Oval,Albertson's 300,6,2,TRUE,laps,120,
NASCAR Second Division (Gen 4),Daytona_Nascar_Road_Course,Busch 150,6,3,FALSE,laps,43,
NASCAR Second Division (Gen 4),Fontana_OVAL,Auto Club 300,7,2,TRUE,laps,150,
NASCAR Second Division (Gen 4),Watkins_Glen_GPIL,Lysol 200,7,3,FALSE,laps,58,
NASCAR Second Division (Gen 4),Pocono_Oval,Hardee's 250,8,2,TRUE,laps,100,
NASCAR Second Division (Gen 4),Pocono_RC2,DieHard 150,8,3,FALSE,laps,67,
NASCAR Second Division (Gen 4),Gateway_OVAL,Kroger 200,9,2,TRUE,laps,160,
NASCAR Second Division (Gen 4),Fontana_OVAL,Texas 400,10,2,TRUE,laps,200,
NASCAR Second Division (Gen 4),Road_Atlanta_2005,Subway 150,11,2,FALSE,laps,59,
NASCAR Second Division (Gen 4),Daytona_Speedway_Tri_Oval,Finale at Daytona,12,1,TRUE,laps,200,
NASCAR Second Division (Next Gen),Daytona_Speedway_Tri_Oval,United Rentals 300,2,2,TRUE,laps,120,
NASCAR Second Division (Next Gen),Daytona_Nascar_Road_Course,King of Tough 200,2,3,FALSE,laps,57,
NASCAR Second Division (Next Gen),Fontana_OVAL,ToyotaCare 250,3,2,TRUE,laps,125,
NASCAR Second Division (Next Gen),Road_Atlanta,Ag-Pro 150,3,3,FALSE,laps,59,
NASCAR Second Division (Next Gen),Gateway_OVAL,BetMGM 300,4,2,TRUE,laps,240,
NASCAR Second Division (Next Gen),Sebring,HyVee Perks 200,4,3,FALSE,laps,55,
NASCAR Second Division (Next Gen),Indianapolis_2022_Oval,Pennzoil 250,5,2,TRUE,laps,100,
NASCAR Second Division (Next Gen),Pocono_RC1,Cabo Wabo 150,6,2,FALSE,laps,60,
NASCAR Second Division (Next Gen),Pocono_Oval,GOVX 200,6,3,TRUE,laps,80,
NASCAR Second Division (Next Gen),Pocono_RC4,SciAps 150,7,2,FALSE,laps,110,
NASCAR Second Division (Next Gen),Daytona_Nascar_Road_Course,Hard Rock Bet 150,7,3,FALSE,laps,43,
NASCAR Second Division (Next Gen),Daytona_Speedway_Tri_Oval,Andy's Frozen Custard 300,8,1,TRUE,laps,120,
NASCAR Second Division (Next Gen),Pocono_Oval,Explore The Pocono Mountains 225,9,1,TRUE,laps,90,
NASCAR Second Division (Next Gen),Watkins_Glen_GPIL,Mission 200 at the Glen,9,2,FALSE,laps,58,
NASCAR Second Division (Next Gen),Indianapolis_2022_Oval,Food City 300,10,1,TRUE,laps,120,
NASCAR Second Division (Next Gen),Indianapolis_2022_RC,NFPA 200,10,2,FALSE,laps,82,
NASCAR Second Division (Next Gen),Road_America_RC,The Progress Group 150,10,4,FALSE,laps,37,
NASCAR Second Division (Next Gen),Gateway_OVAL,BetMGM 300,11,2,TRUE,laps,240,
NASCAR Second Division (Next Gen),Gateway_RC2,Nalley Cars 200,11,3,FALSE,laps,100,
NASCAR Second Division (Next Gen),Pocono_RC5,Pit Boss 150,12,1,FALSE,laps,110,
NASCAR Second Division (Next Gen),Daytona_Speedway_Tri_Oval,Finale at Daytona,12,3,TRUE,laps,200,
ARCA Menards Series (Gen 3),Daytona_Speedway_Tri_Oval,ARCA 200,2,2,TRUE,laps,80,
ARCA Menards Series (Gen 3),Road_Atlanta_2005,Southern 150,3,2,FALSE,laps,59,
ARCA Menards Series (Gen 3),Indianapolis_2022_Oval,All Sport Meijer 200,4,2,TRUE,laps,80,
ARCA Menards Series (Gen 3),Road_America_RC,Spring 150,4,3,FALSE,laps,37,
ARCA Menards Series (Gen 3),Pocono_Oval,Pocono ARCA 150,5,2,TRUE,laps,60,
ARCA Menards Series (Gen 3),Pocono_RC5,Associates Financial 150,5,3,FALSE,laps,110,
ARCA Menards Series (Gen 3),Daytona_Speedway_Tri_Oval,Winnebago 150,6,3,TRUE,laps,60,
ARCA Menards Series (Gen 3),Watkins_Glen_GP,Conoco 200,7,2,FALSE,laps,60,
ARCA Menards Series (Gen 3),Daytona_Speedway_Tri_Oval,Fall Classic 200,7,3,TRUE,laps,80,
ARCA Menards Series (Gen 3),Daytona_Nascar_Road_Course,Kil-Kare ARCA 150,8,2,FALSE,laps,43,
ARCA Menards Series (Gen 3),Indianapolis_2022_Oval,Mountain Dew 200,8,3,TRUE,laps,80,
ARCA Menards Series (Gen 3),Road_America_RCB,Goodwrench 150,9,2,FALSE,laps,37,
ARCA Menards Series (Gen 3),Pocono_Oval,Jiffy Lube 300,9,3,TRUE,laps,120,
ARCA Menards Series (Gen 3),Pocono_RC3,Pepsi 150,10,2,FALSE,laps,60,
ARCA Menards Series (Gen 3),Sebring,AC-Delco 150,10,3,FALSE,laps,42,
ARCA Menards Series (Gen 3),Indianapolis_2022_Oval,Finale at Indiana,11,2,TRUE,laps,200,
ARCA Menards Series (Gen 4),Daytona_Speedway_Tri_Oval,ARCA 200,2,2,TRUE,laps,80,
ARCA Menards Series (Gen 4),Daytona_Nascar_Road_Course,Ford Dealers 200,3,2,FALSE,laps,57,
ARCA Menards Series (Gen 4),Fontana_OVAL,Prairie Meadows 250,4,2,TRUE,laps,125,
ARCA Menards Series (Gen 4),Gateway_OVAL,ARCA Re/Max 250,5,2,TRUE,laps,200,
ARCA Menards Series (Gen 4),Road_Atlanta,Loud Energy Drink 150,6,3,FALSE,laps,59,
ARCA Menards Series (Gen 4),Indianapolis_2022_Oval,Menards 200,7,2,TRUE,laps,80,
ARCA Menards Series (Gen 4),Indianapolis_2022_RC,Racing for Wildlife 150,7,3,FALSE,laps,62,
ARCA Menards Series (Gen 4),Pocono_RC4,ARCA Fall Classic 150,8,2,FALSE,laps,110,
ARCA Menards Series (Gen 4),Pocono_Oval,Pennsylvania 200,8,3,TRUE,laps,80,
ARCA Menards Series (Gen 4),Pocono_RC3,Re/Max American 150,9,2,FALSE,laps,60,
ARCA Menards Series (Gen 4),Watkins_Glen_GPIL,Tire Kingdom 150,9,3,FALSE,laps,44,
ARCA Menards Series (Gen 4),Daytona_Speedway_Tri_Oval,Weis Markets 125,10,2,TRUE,laps,50,
ARCA Menards Series (Gen 4),Daytona_Nascar_Road_Course,Rattlesnake 150,10,3,FALSE,laps,43,
ARCA Menards Series (Gen 4),Gateway_OVAL,3 Amigos 250,11,2,TRUE,laps,200,
ARCA Menards Series (Gen 4),Gateway_RC2,Garden State ARCA 150,11,3,FALSE,laps,75,
ARCA Menards Series (Gen 4),Road_America_RC,ModSpace 150,12,1,FALSE,laps,37,
ARCA Menards Series (Gen 4),Indianapolis_2022_Oval,Finale at Indiana,12,3,TRUE,laps,200,
NASCAR Euro Series (Gen 4),Nurb_GP_2020,NASCAR GP Germany,3,2,TRUE,laps,15,
NASCAR Euro Series (Gen 4),BrandsHatch_GP,NASCAR GP UK,4,3,TRUE,laps,20,
NASCAR Euro Series (Gen 4),Le_Mans_Circuit_Bugatti,NASCAR GP France,5,2,TRUE,laps,18,
NASCAR Euro Series (Gen 4),Spa_Francorchamps_2020,NASCAR GP Spa,6,2,TRUE,laps,11,
NASCAR Euro Series (Gen 4),Monza_2020,NASCAR GP Italy,7,1,TRUE,laps,13,
NASCAR Euro Series (Gen 4),Hockenheim_GP,Euro Finals,9,2,TRUE,laps,17,
NASCAR Euro Series (Next Gen),Nurb_GP_2020,NASCAR GP Germany,3,2,TRUE,laps,15,
NASCAR Euro Series (Next Gen),BrandsHatch_GP,NASCAR GP UK,4,3,TRUE,laps,20,
NASCAR Euro Series (Next Gen),Le_Mans_Circuit_Bugatti,NASCAR GP France,5,2,TRUE,laps,18,
NASCAR Euro Series (Next Gen),Spa_Francorchamps_2020,NASCAR GP Spa,6,2,TRUE,laps,11,
NASCAR Euro Series (Next Gen),Monza_2020,NASCAR GP Italy,7,1,TRUE,laps,13,
NASCAR Euro Series (Next Gen),Hockenheim_GP,Euro Finals,9,2,TRUE,laps,17,
Campeonato Brasileiro de Endurance,Interlagos_GP,3 Horas de São Paulo,3,3,FALSE,time,180,
Campeonato Brasileiro de Endurance,Guapore,3 Horas de Guaporé,4,2,FALSE,time,180,
Campeonato Brasileiro de Endurance,Taruma_Internacional,4 Horas de Tarumã,5,1,FALSE,time,240,
Campeonato Brasileiro de Endurance,CuritibaInternacional,3 Horas de Curitiba,5,3,FALSE,time,180,
Campeonato Brasileiro de Endurance,Velopark_2010,3 Horas de Velopark,6,1,FALSE,time,180,
Campeonato Brasileiro de Endurance,GoianiaMixed,4 Horas de Goiânia,6,3,FALSE,time,240,
Campeonato Brasileiro de Endurance,VeloCitta1,3 Horas de Velo Città,7,2,FALSE,time,180,
Campeonato Brasileiro de Endurance,Taruma_Chicane,3 Horas de Tarumã,7,4,FALSE,time,180,
Campeonato Brasileiro de Endurance,SantaCruzDoSul,4 Horas de Santa Cruz do Sul,8,2,FALSE,time,240,
Campeonato Brasileiro de Endurance,GoianiaMixed,3 Horas de Goiânia,9,1,FALSE,time,180,
Campeonato Brasileiro de Endurance,CuritibaInternacional,4 Horas de Curitiba,10,2,FALSE,time,240,
Campeonato Brasileiro de Endurance,CampoGrande1,3 Horas de Campo Grande,11,1,FALSE,time,180,
Campeonato Brasileiro de Endurance,SantaCruzDoSul,3 Horas de Santa Cruz do Sul,11,3,FALSE,time,180,
Campeonato Brasileiro de Endurance,Londrina_long,6 Horas de Londrina,12,2,TRUE,time,360,
Império Endurance Brasil,Taruma_Chicane,3 Horas de Tarumã,3,3,FALSE,time,180,
Império Endurance Brasil,Guapore,3 Horas de Guaporé,4,2,FALSE,time,180,
Império Endurance Brasil,SantaCruzDoSul,3 Horas de Santa Cruz do Sul,5,1,FALSE,time,180,
Império Endurance Brasil,CuritibaInternacional,3 Horas de Curitiba,5,3,FALSE,time,180,
Império Endurance Brasil,GoianiaMixed,4 Horas de Goiânia,6,1,FALSE,time,240,
Império Endurance Brasil,Interlagos_GP,4 Horas de São Paulo,6,3,FALSE,time,240,
Império Endurance Brasil,VeloCitta1,3 Horas de Velo Città,7,2,FALSE,time,180,
Império Endurance Brasil,Taruma_Internacional,4 Horas de Tarumã,7,4,FALSE,time,240,
Império Endurance Brasil,SantaCruzDoSul,4 Horas de Santa Cruz do Sul,8,2,FALSE,time,240,
Império Endurance Brasil,Velopark_2017,3 Horas de Velopark,9,1,FALSE,time,180,
Império Endurance Brasil,GoianiaMixed,3 Horas de Goiânia,10,2,FALSE,time,180,
Império Endurance Brasil,Londrina_long,4 Horas de Londrina,11,3,FALSE,time,240,
Império Endurance Brasil,CuritibaInternacional,6 Horas de Curitiba,12,2,TRUE,time,360,
Império Endurance Brasil (2020),Londrina_long,4 Horas de Londrina,3,3,FALSE,time,240,
Império Endurance Brasil (2020),SantaCruzDoSul,3 Horas de Santa Cruz do Sul,4,2,FALSE,time,180,
Império Endurance Brasil (2020),CuritibaInternacional,3 Horas de Curitiba,5,1,FALSE,time,180,
Império Endurance Brasil (2020),GoianiaMixed,4 Horas de Goiânia,5,3,FALSE,time,240,
Império Endurance Brasil (2020),Taruma_Internacional,4 Horas de Tarumã,6,1,FALSE,time,240,
Império Endurance Brasil (2020),Guapore,3 Horas de Guaporé,6,3,FALSE,time,180,
Império Endurance Brasil (2020),SantaCruzDoSul,4 Horas de Santa Cruz do Sul,7,2,FALSE,time,240,
Império Endurance Brasil (2020),Velopark_2017,3 Horas de Velopark,7,4,FALSE,time,180,
Império Endurance Brasil (2020),CuritibaInternacional,4 Horas de Curitiba,8,2,FALSE,time,240,
Império Endurance Brasil (2020),Taruma_Chicane,3 Horas de Tarumã,9,1,FALSE,time,180,
Império Endurance Brasil (2020),GoianiaMixed,3 Horas de Goiânia,10,2,FALSE,time,180,
Império Endurance Brasil (2020),VeloCitta1,3 Horas de Velo Città,11,3,FALSE,time,180,
Império Endurance Brasil (2020),Interlagos_GP,6 Horas de São Paulo,12,2,TRUE,time,360,
Império Endurance Brasil (2023),CurveloLong,4 Horas de Curvelo,3,3,FALSE,time,240,
Império Endurance Brasil (2023),VeloCitta1,3 Horas de Velo Città,4,1,FALSE,time,180,
Império Endurance Brasil (2023),GoianiaMixed,3 Horas de Goiânia,5,2,FALSE,time,180,
Império Endurance Brasil (2023),Velopark_2017,3 Horas de Velopark,5,4,FALSE,time,180,
Império Endurance Brasil (2023),Taruma_Internacional,4 Horas de Tarumã,6,2,FALSE,time,240,
Império Endurance Brasil (2023),Cascavel2,4 Horas de Cascavel,6,3,FALSE,time,240,
Império Endurance Brasil (2023),Interlagos_GP,3 Horas de São Paulo,7,1,FALSE,time,180,
Império Endurance Brasil (2023),SantaCruzDoSul,4 Horas de Santa Cruz do Sul,7,3,FALSE,time,240,
Império Endurance Brasil (2023),Londrina_long,4 Horas de Londrina,8,1,FALSE,time,240,
Império Endurance Brasil (2023),CampoGrande1,3 Horas de Campo Grande,8,3,FALSE,time,180,
Império Endurance Brasil (2023),Guapore,3 Horas de Guaporé,9,1,FALSE,time,180,
Império Endurance Brasil (2023),Taruma_Chicane,3 Horas de Tarumã,9,3,FALSE,time,180,
Império Endurance Brasil (2023),Interlagos_GP,4 Horas de São Paulo,10,1,FALSE,time,240,
Império Endurance Brasil (2023),Cascavel2,3 Horas de Cascavel,10,3,FALSE,time,180,
Império Endurance Brasil (2023),GoianiaMixed,3 Horas de Goiânia,11,2,FALSE,time,180,
Império Endurance Brasil (2023),Brasilia_Full,6 Horas de Brasilia,12,2,TRUE,time,360,
Super Trophy Trucks,Velopark_2017_STT,Super Velopark,2,2,FALSE,time,20,
Super Trophy Trucks,Hockenheim_STT,Hockenheim Trophy,3,2,FALSE,time,20,
Super Trophy Trucks,Cleveland_STT,Super Cleveland,4,2,FALSE,time,20,
Super Trophy Trucks,Ibarra_STT,Ibarra Trucks,5,2,FALSE,time,20,
Super Trophy Trucks,Long_Beach_STT,Long Beach Trophy,6,2,FALSE,time,20,
Super Trophy Trucks,Watkins_Glen_STT,Super Watkins,7,2,FALSE,time,20,
Super Trophy Trucks,Monza_2020_STT,Monza Trucks,8,2,FALSE,time,20,
Super Trophy Trucks,Road_America_STT,Super Road America,8,4,FALSE,time,20,
Super Trophy Trucks,Sebring_STT,Super Sebring,9,2,FALSE,time,20,
Super Trophy Trucks,Guapore_STT,Guapore Trophy,10,2,FALSE,time,20,
Super Trophy Trucks,Adelaide_Modern_STT,Adelaide Trucks,11,2,FALSE,time,20,
Super Trophy Trucks,Spielberg_STT,Spielberg Trophy,12,2,FALSE,time,20,
