team_name,category,model,livery,championship_names,livery_id,model_folder
A. J. Foyt Racing,F-USA_2023,Formula USA 2023,F-USA 2023 #06,NTT IndyCar,57,formula_usa_2023
A. J. Foyt Racing,F-USA_2023,Formula USA 2023,F-USA 2023 #55,NTT IndyCar,78,formula_usa_2023
A. J. Foyt Racing,F-Reiza,Formula V8 Gen3,energyX Faenza #5,Indy NXT,55,formula_reiza
A. J. Foyt Racing,F-Reiza,Formula V8 Gen3,energyX Faenza #6,Indy NXT,56,formula_reiza
A. J. Foyt Racing,F-3,Dallara F309,Power On Racing #86,USF Pro 2000,67,f309
A. J. Foyt Racing,F-3,Dallara F309,Prop Racing #17,USF Pro 2000,58,f309
A. J. Foyt Racing,F-Inter,Formula Inter MG-15,F.Inter MG-15 #82,USF2000,69,formula_inter
A. J. Foyt Racing,F-Inter,Formula Inter MG-15,F.Inter MG-15 #91,USF2000,70,formula_inter
Abel Motorsports,F-Inter,Formula Inter MG-15,F.Inter MG-15 #33,USF2000,66,formula_inter
Abel Motorsports,F-Inter,Formula Inter MG-15,F.Inter MG-15 #36,USF2000,67,formula_inter
Abel Motorsports,F-Trainer_A,Formula Trainer Advanced,Formula Trainer Advance #14,USF Junior,64,formula_trainer_d
Abel Motorsports,F-Trainer_A,Formula Trainer Advanced,Formula Trainer Advance #15,USF Junior,65,formula_trainer_d
Abel Motorsports,F-Trainer,Formula Trainer,Formula Trainer #22 - F.Scomasson Skin,F1600,72,formula_trainer
Abel Motorsports,F-Trainer,Formula Trainer,Formula Trainer #23 - N.Otten Skin,F1600,73,formula_trainer
Abel Motorsports,F-Vee_Gen2,Formula Vee Gen2,Andre Crocci #6,Formula Vee North America,54,formula_vee_gen2
Abel Motorsports,F-Vee_Gen2,Formula Vee Gen2,Davi Osachuki #35,Formula Vee North America,60,formula_vee_gen2
Adria Motorsport Venture,Super Trofeo,Lamborghini Huracan Super Trofeo EVO2,Lamborghini Huracan Super Trofeo EVO2 #48,Lamborghini Super Trofeo Europe,65,lamborghini_huracan_supertrofeo_evo2
Adria Motorsport Venture,Super Trofeo,Lamborghini Huracan Super Trofeo EVO2,Lamborghini Huracan Super Trofeo EVO2 #50,Lamborghini Super Trofeo Europe,66,lamborghini_huracan_supertrofeo_evo2
Adria Motorsport Venture,LMDh,Aston Martin Valkyrie Hypercar,Aston Martin Valkyrie Hypercar #007,World Endurance Championship,52,aston_martin_valkyrie_lmh
Adria Motorsport Venture,LMDh,Aston Martin Valkyrie Hypercar,Aston Martin Valkyrie Hypercar #009,World Endurance Championship,53,aston_martin_valkyrie_lmh
Adria Motorsport Venture,GT3_Gen2,Aston Martin Vantage GT3 Evo,AMR Vantage GT3 Evo #42,"World Endurance Championship, Intercontinental GT Challenge, GT World Challenge Europe",55,aston_martin_vantage_gt3_evo
Adria Motorsport Venture,GT3_Gen2,Aston Martin Vantage GT3 Evo,AMR Vantage GT3 Evo #73,"World Endurance Championship, Intercontinental GT Challenge, GT World Challenge Europe",56,aston_martin_vantage_gt3_evo
Adria Motorsport Venture,GT3,Audi R8 LMS GT3,Audi R8 LMS GT3 #22,"European Le Mans Series, Michelin Le Mans Cup",51,audi_r8_lms_gt3
Adria Motorsport Venture,GT3,Audi R8 LMS GT3,Audi R8 LMS GT3 #69,"European Le Mans Series, Michelin Le Mans Cup",52,audi_r8_lms_gt3
Adria Motorsport Venture,LMP2_Gen1,Ligier JS P217,Ligier JS P217 #10,European Le Mans Series,51,ligier_js_p217
Adria Motorsport Venture,P1Gen2,Ligier JS P320,Ligier JS P320 #15,Michelin Le Mans Cup,53,ligier_js_p320
Adria Motorsport Venture,P4,MCR S2000,MCR S2000 #3,Radical Cup Europe,52,mcr2000
Adria Motorsport Venture,P4,MCR S2000,MCR S2000 #4,Radical Cup Europe,53,mcr2000
Adria Motorsport Venture,P1Gen2,Ligier JS P320,Ligier JS P320 #10,"European Le Mans Series, Michelin Le Mans Cup",52,ligier_js_p320
Adria Motorsport Venture,P1Gen2,Ligier JS P320,Ligier JS P320 #15,European Le Mans Series,53,ligier_js_p320
Alpine,F-Ultimate_Gen2,Formula Ultimate Hybrid Gen3,Team Virystone #15,Formula 1,54,formula_ultimate_2024
Alpine,F-Ultimate_Gen2,Formula Ultimate Hybrid Gen3,Team Virystone #2,Formula 1,53,formula_ultimate_2024
Alpine,F-Reiza,Formula V8 Gen3,Team Virystone #11,Formula 2,61,formula_reiza
Alpine,F-Reiza,Formula V8 Gen3,Team Virystone #12,Formula 2,62,formula_reiza
Alpine,F-3,Dallara F309,Mellow Motorsports #7 - L.Nogueira Skin,Formula 3,54,f309
Alpine,F-3,Dallara F309,Pacific G.P. #37 - T.Emanuel Skin,Formula 3,63,f309
Alpine Track Operations,LMP2_Gen1,Oreca 07,Oreca 07 #15,European Le Mans Series,51,oreca_07
Alpine Track Operations,Super Trofeo,Lamborghini Huracan Super Trofeo EVO2,Lamborghini Huracan Super Trofeo EVO2 #55,Lamborghini Super Trofeo Europe,67,lamborghini_huracan_supertrofeo_evo2
Alpine Track Operations,Super Trofeo,Lamborghini Huracan Super Trofeo EVO2,Lamborghini Huracan Super Trofeo EVO2 #64,Lamborghini Super Trofeo Europe,68,lamborghini_huracan_supertrofeo_evo2
Alpine Track Operations,LMDh,Alpine A424,Alpine A424 #36,World Endurance Championship,51,alpine_a424
Alpine Track Operations,LMDh,Alpine A424,Alpine A424 #37,World Endurance Championship,52,alpine_a424
Alpine Track Operations,GT3,McLaren 720S GT3,McLaren 720S GT3 #04,"European Le Mans Series, Michelin Le Mans Cup",51,mclaren_720s_gt3
Alpine Track Operations,GT3,McLaren 720S GT3,McLaren 720S GT3 #12,"European Le Mans Series, Michelin Le Mans Cup",52,mclaren_720s_gt3
Alpine Track Operations,GT3_Gen2,McLaren 720S GT3 Evo,McLaren 720S GT3 Evo #59,"Intercontinental GT Challenge, GT World Challenge Europe, Nürburgring Langstrecken-Serie",56,mclaren_720s_gt3_evo
Alpine Track Operations,GT3_Gen2,McLaren 720S GT3 Evo,McLaren 720S GT3 Evo #41,"Intercontinental GT Challenge, GT World Challenge Europe, Nürburgring Langstrecken-Serie",55,mclaren_720s_gt3_evo
Alpine Track Operations,GT4,Alpine A110 GT4 Evo,Alpine A110 GT4 Evo #36,Nürburgring Langstrecken-Serie,51,alpine_a110_gt4_evo
Alpine Track Operations,GT4,Alpine A110 GT4 Evo,Alpine A110 GT4 Evo #63,Nürburgring Langstrecken-Serie,53,alpine_a110_gt4_evo
Alpine Track Operations,P1Gen2,Ginetta G58 Gen2,Ginetta G58 Gen2 #22,Michelin Le Mans Cup,54,ginetta_g58_gen2
Alpine Track Operations,G40Cup,Ginetta G40 Cup,Ginetta G40 Cup #01,Ginetta Junior Championship Europe,51,ginetta_g40_cup
Alpine Track Operations,G40Cup,Ginetta G40 Cup,Ginetta G40 Cup #02,Ginetta Junior Championship Europe,52,ginetta_g40_cup
Alpine Track Operations,P4,MCR S2000,MCR S2000 #5,Radical Cup Europe,54,mcr2000
Alpine Track Operations,P4,MCR S2000,MCR S2000 #6,Radical Cup Europe,55,mcr2000
Alpine Track Operations,P1Gen2,Ginetta G58 Gen2,Ginetta G58 Gen2 #21,"European Le Mans Series, Michelin Le Mans Cup",53,ginetta_g58_gen2
Alpine Track Operations,P1Gen2,Ginetta G58 Gen2,Ginetta G58 Gen2 #20,European Le Mans Series,52,ginetta_g58_gen2
Andretti Global,LMDh,Cadillac V-Series.R,Cadillac V-Series.R #01 (IMSA 2024),"IMSA WeatherTech SportsCar Championship, World Endurance Championship",51,cadillac_v-series_r
Andretti Global,LMDh,Cadillac V-Series.R,Cadillac V-Series.R #31 (IMSA 2024),"IMSA WeatherTech SportsCar Championship, World Endurance Championship",52,cadillac_v-series_r
Andretti Global,F-USA_2023,Formula USA 2023,F-USA 2023 #23,NTT IndyCar,72,formula_usa_2023
Andretti Global,F-USA_2023,Formula USA 2023,F-USA 2023 #01,NTT IndyCar,52,formula_usa_2023
Andretti Global,F-USA_2023,Formula USA 2023,F-USA 2023 #17,NTT IndyCar,68,formula_usa_2023
Andretti Global,F-3,Dallara F309,Granado Racing #59,USF Pro 2000,64,f309
Andretti Global,F-3,Dallara F309,GRNDWRK Racing #18 - R.Souza Skin,USF Pro 2000,59,f309
Andretti Global,F-Inter,Formula Inter MG-15,F.Inter MG-15 #11,USF2000,59,formula_inter
Andretti Global,F-Inter,Formula Inter MG-15,F.Inter MG-15 #12,USF2000,60,formula_inter
Andretti Global,F-Trainer_A,Formula Trainer Advanced,Formula Trainer A #23 - N.Otten Skin,USF Junior,73,formula_trainer_d
Andretti Global,F-Trainer_A,Formula Trainer Advanced,Formula Trainer Advance #1,USF Junior,51,formula_trainer_d
Andretti Global,GT3_Gen2,Chevrolet Corvette Z06 GT3.R,Chevrolet Corvette Z06 GT3.R #13 (IMSA 2024),"GT World Challenge America, GT World Challenge Sprint, World Endurance Championship, IMSA WeatherTech SportsCar Championship",53,corvette_z06_gt3r
Andretti Global,GT3_Gen2,Chevrolet Corvette Z06 GT3.R,Chevrolet Corvette Z06 GT3.R #17 (IMSA 2024),"GT World Challenge America, GT World Challenge Sprint, World Endurance Championship, IMSA WeatherTech SportsCar Championship",54,corvette_z06_gt3r
Apex Precision Competizione,Carrera Cup,Porsche 911 GT3 Cup 4.0,Porsche 911 GT3 Cup 4.0 #20,"Porsche Carrera Supercup, Porsche Carrera Cup North America",55,porsche_991_gt3_2
Apex Precision Competizione,Carrera Cup,Porsche 911 GT3 Cup 4.0,Porsche 911 GT3 Cup 4.0 #29,"Porsche Carrera Supercup, Porsche Carrera Cup North America",56,porsche_991_gt3_2
Apex Precision Competizione,GT3_Gen2,Porsche 992 GT3 R,Porsche 992 GT3 R #43 (IMSA 2024),GT World Challenge Sprint,51,porsche_992_gt3r
Apex Precision Competizione,GT3_Gen2,Porsche 992 GT3 R,Porsche 992 GT3 R #92 (IMSA 2024),GT World Challenge Sprint,54,porsche_992_gt3r
Apex-Works North,MiniChallenge,MINI Cooper JCW,MINI Cooper JCW #27,"Mini Challenge, IMSA Michelin Pilot Challenge",63,mini_cooper
Apex-Works North,MiniChallenge,MINI Cooper JCW,MINI Cooper JCW #28,"Mini Challenge, IMSA Michelin Pilot Challenge",64,mini_cooper
Apex-Works North,G40Cup,Ginetta G40 Cup,Ginetta G40 Cup #32,Ginetta Junior Championship UK,61,ginetta_g40_cup
Apex-Works North,G40Cup,Ginetta G40 Cup,Ginetta G40 Cup #34,Ginetta Junior Championship UK,62,ginetta_g40_cup
Aragon Motorsport United,F-Inter,Formula Inter MG-15,F.Inter MG-15 #3a,FRECA,51,formula_inter
Aragon Motorsport United,F-Inter,Formula Inter MG-15,F.Inter MG-15 #3b,FRECA,55,formula_inter
Aragon Motorsport United,F-Trainer_A,Formula Trainer Advanced,Formula Trainer Advance #18,"Formula 4 UK, Formula 4 Northern Europe, Formula 4 Southern Europe",68,formula_trainer_d
Aragon Motorsport United,F-Trainer_A,Formula Trainer Advanced,Formula Trainer Advance #19,"Formula 4 UK, Formula 4 Northern Europe, Formula 4 Southern Europe",69,formula_trainer_d
Aragon Motorsport United,F-Trainer,Formula Trainer,Formula Trainer #20,National Formula Ford Championship,70,formula_trainer
Aragon Motorsport United,F-Trainer,Formula Trainer,Formula Trainer #21 - J.Ramos Skin,National Formula Ford Championship,71,formula_trainer
Arcane Racing Group,LMP2_Gen1,Ligier JS P217,Ligier JS P217 #31,European Le Mans Series,52,ligier_js_p217
Arcane Racing Group,Super Trofeo,Lamborghini Huracan Super Trofeo EVO2,Lamborghini Huracan Super Trofeo EVO2 #72,Lamborghini Super Trofeo Europe,71,lamborghini_huracan_supertrofeo_evo2
Arcane Racing Group,Super Trofeo,Lamborghini Huracan Super Trofeo EVO2,Lamborghini Huracan Super Trofeo EVO2 #77,Lamborghini Super Trofeo Europe,72,lamborghini_huracan_supertrofeo_evo2
Arcane Racing Group,LMDh,Cadillac V-Series.R,Cadillac V-Series.R #5,World Endurance Championship,53,cadillac_v-series_r
Arcane Racing Group,LMDh,Cadillac V-Series.R,Cadillac V-Series.R #9,World Endurance Championship,54,cadillac_v-series_r
Arcane Racing Group,GT3_Gen2,Chevrolet Corvette Z06 GT3.R,Chevrolet Corvette Z06 GT3.R #3 (IMSA 2024),"World Endurance Championship, Intercontinental GT Challenge, GT World Challenge Europe, Nürburgring Langstrecken-Serie",51,corvette_z06_gt3r
Arcane Racing Group,GT3_Gen2,Chevrolet Corvette Z06 GT3.R,Chevrolet Corvette Z06 GT3.R #4 (IMSA 2024),"World Endurance Championship, Intercontinental GT Challenge, GT World Challenge Europe, Nürburgring Langstrecken-Serie",52,corvette_z06_gt3r
Arcane Racing Group,GT4,Chevrolet Camaro GT4.R,Camaro GT4.R #49,Nürburgring Langstrecken-Serie,51,camaro_gt4r
Arcane Racing Group,GT4,Chevrolet Camaro GT4.R,Camaro GT4.R #53,Nürburgring Langstrecken-Serie,52,camaro_gt4r
Arcane Racing Group,GT3,Audi R8 LMS GT3,Audi R8 LMS GT3 #79,"European Le Mans Series, Michelin Le Mans Cup",53,audi_r8_lms_gt3
Arcane Racing Group,GT3,Audi R8 LMS GT3,Audi R8 LMS GT3 #86,"European Le Mans Series, Michelin Le Mans Cup",54,audi_r8_lms_gt3
Arcane Racing Group,P1Gen2,Ligier JS P320,Ligier JS P320 #33,Michelin Le Mans Cup,54,ligier_js_p320
Arcane Racing Group,G40Cup,Ginetta G40 Cup,Ginetta G40 Cup #10,Ginetta Junior Championship Europe,55,ginetta_g40_cup
Arcane Racing Group,G40Cup,Ginetta G40 Cup,Ginetta G40 Cup #17,Ginetta Junior Championship Europe,56,ginetta_g40_cup
Arcane Racing Group,P4,MCR S2000,MCR S2000 #9,Radical Cup Europe,57,mcr2000
Arcane Racing Group,P4,MCR S2000,MCR S2000 #10,Radical Cup Europe,58,mcr2000
Arcane Racing Group,P1Gen2,Ligier JS P320,Ligier JS P320 #7,"European Le Mans Series, Michelin Le Mans Cup",51,ligier_js_p320
Arcane Racing Group,P1Gen2,Ligier JS P320,Ligier JS P320 #117,European Le Mans Series,55,ligier_js_p320
Aston Martin,F-Ultimate_Gen2,Formula Ultimate Hybrid Gen3,Bond G.P. #3,Formula 1,55,formula_ultimate_2024
Aston Martin,F-Ultimate_Gen2,Formula Ultimate Hybrid Gen3,Bond G.P. #5,Formula 1,56,formula_ultimate_2024
Aston Martin,F-Reiza,Formula V8 Gen3,Reizoil G.P. #24,Formula 2,73,formula_reiza
Aston Martin,F-Reiza,Formula V8 Gen3,Reizoil G.P. #25,Formula 2,74,formula_reiza
Aston Martin,F-3,Dallara F309,Index Racing #77 - R.Cascaes Skin,Formula 3,65,f309
Aston Martin,F-3,Dallara F309,Luminis Engineering #34,Formula 3,62,f309
Astraea Endurance,P1Gen2,Sigma P1 G5,Sigma P1 G5 #85,Michelin Le Mans Cup,54,sigma_p1_g5
Astraea Endurance,P1Gen2,Ligier JS P320,Ligier JS P320 #117,Michelin Le Mans Cup,55,ligier_js_p320
Astraea Endurance,G40Cup,Ginetta G40 Cup,Ginetta G40 Cup #46,Ginetta Junior Championship Europe,65,ginetta_g40_cup
Astraea Endurance,G40Cup,Ginetta G40 Cup,Ginetta G40 Cup #58,Ginetta Junior Championship Europe,68,ginetta_g40_cup
Astraea Endurance,P4,MCR S2000,MCR S2000 #19,Radical Cup Europe,66,mcr2000
Astraea Endurance,P4,MCR S2000,MCR S2000 #30,Radical Cup Europe,75,mcr2000
Atlantic Racing Union,MiniChallenge,MINI Cooper JCW,MINI Cooper JCW #77,"IMSA Michelin Pilot Challenge, Mini Challenge",71,mini_cooper
Atlantic Racing Union,MiniChallenge,MINI Cooper JCW,MINI Cooper JCW #85,"IMSA Michelin Pilot Challenge, Mini Challenge",72,mini_cooper
Atlantic Racing Union,G40Cup,Ginetta G40 Cup,Ginetta G40 Cup #62,"Ginetta Junior Championship UK, Ginetta Junior Championship North America, Ginetta Junior Championship Europe",69,ginetta_g40_cup
Atlantic Racing Union,G40Cup,Ginetta G40 Cup,Ginetta G40 Cup #66,"Ginetta Junior Championship UK, Ginetta Junior Championship North America, Ginetta Junior Championship Europe",70,ginetta_g40_cup
Atlas Racing Group,GT3_Gen2,Lamborghini Huracan GT3 EVO2,Lamborghini Huracan GT3 EVO2 #45 (IMSA 2024),"IMSA WeatherTech SportsCar Championship, British GT Championship, GT World Challenge America, GT World Challenge Sprint",52,lamborghini_huracan_gt3_evo2
Atlas Racing Group,GT3_Gen2,McLaren 720S GT3 Evo,McLaren 720S GT3 Evo #41,"IMSA WeatherTech SportsCar Championship, British GT Championship, GT World Challenge America, GT World Challenge Sprint",55,mclaren_720s_gt3_evo
Atlas Racing Group,GT4,Audi R8 LMS GT4,Audi R8 LMS GT4 #12,IMSA Michelin Pilot Challenge,52,audi_r8_lms_gt4
Atlas Racing Group,GT4,Audi R8 LMS GT4,Audi R8 LMS GT4 #15,IMSA Michelin Pilot Challenge,53,audi_r8_lms_gt4
Atlas Racing Group,GT3,McLaren 720S GT3,McLaren 720S GT3 #04,IMSA VP Racing SportsCar Challenge,51,mclaren_720s_gt3
Atlas Racing Group,GT3,McLaren 720S GT3,McLaren 720S GT3 #12,IMSA VP Racing SportsCar Challenge,52,mclaren_720s_gt3
Atlas Racing Group,P4,MCR S2000,MCR S2000 #15,Radical Cup North America,63,mcr2000
Atlas Racing Group,P4,MCR S2000,MCR S2000 #29,Radical Cup North America,74,mcr2000
Audi,F-Ultimate_Gen2,Formula Ultimate Hybrid Gen3,Zir-Win Motorsport #17,Formula 1,61,formula_ultimate_2024
Audi,F-Ultimate_Gen2,Formula Ultimate Hybrid Gen3,Zir-Win Motorsport #28,Formula 1,62,formula_ultimate_2024
Audi,F-Reiza,Formula V8 Gen3,Zir-Win Motorsport #1,Formula 2,51,formula_reiza
Audi,F-Reiza,Formula V8 Gen3,Zir-Win Motorsport #2,Formula 2,52,formula_reiza
Audi,F-3,Dallara F309,Power On Racing #86,Formula 3,67,f309
Audi,F-3,Dallara F309,Prop Racing #17,Formula 3,58,f309
Bayside Trackside Services,G40Cup,Ginetta G40 Cup,Ginetta G40 Cup #50,Ginetta Junior Championship North America,66,ginetta_g40_cup
Bayside Trackside Services,G40Cup,Ginetta G40 Cup,Ginetta G40 Cup #53,Ginetta Junior Championship North America,67,ginetta_g40_cup
Blackwood Racing Systems,Carrera Cup,Porsche 911 GT3 Cup 4.0,Porsche 911 GT3 Cup 4.0 #14,"Porsche Carrera Supercup, Porsche Carrera Cup UK, Porsche Carrera Cup North America",54,porsche_991_gt3_2
Blackwood Racing Systems,Carrera Cup,Porsche 911 GT3 Cup 3.8,Porsche 911 GT3 Cup 3.8 #16,"Porsche Carrera Supercup, Porsche Carrera Cup UK, Porsche Carrera Cup North America",54,porsche_991_gt3
Blue Ridge Mini Team,MiniChallenge,MINI Cooper JCW,MINI Cooper JCW #1,"IMSA Michelin Pilot Challenge, Mini Challenge",52,mini_cooper
Blue Ridge Mini Team,MiniChallenge,MINI Cooper JCW,MINI Cooper JCW #3,"IMSA Michelin Pilot Challenge, Mini Challenge",53,mini_cooper
Breakell-Lane Engineering,MiniChallenge,MINI Cooper JCW,MINI Cooper JCW #32,Mini Challenge,65,mini_cooper
Breakell-Lane Engineering,MiniChallenge,MINI Cooper JCW,MINI Cooper JCW #60,Mini Challenge,68,mini_cooper
Breakell-Lane Engineering,G40Cup,Ginetta G40 Cup,Ginetta G40 Cup #38,Ginetta Junior Championship UK,63,ginetta_g40_cup
Breakell-Lane Engineering,G40Cup,Ginetta G40 Cup,Ginetta G40 Cup #42,Ginetta Junior Championship UK,64,ginetta_g40_cup
Brickyard Performance Lab,Super Trofeo,Lamborghini Huracan Super Trofeo EVO2,Lamborghini Huracan Super Trofeo EVO2 #55,Lamborghini Super Trofeo North America,67,lamborghini_huracan_supertrofeo_evo2
Brickyard Performance Lab,Super Trofeo,Lamborghini Huracan Super Trofeo EVO2,Lamborghini Huracan Super Trofeo EVO2 #64,Lamborghini Super Trofeo North America,68,lamborghini_huracan_supertrofeo_evo2
Brickyard Performance Lab,Carrera Cup,Porsche 911 GT3 Cup 3.8,Porsche 911 GT3 Cup 3.8 #65,Porsche Carrera Cup North America,57,porsche_991_gt3
Brickyard Performance Lab,Carrera Cup,Porsche 911 GT3 Cup 4.0,Porsche 911 GT3 Cup 4.0 #70,Porsche Carrera Cup North America,59,porsche_991_gt3_2
Brickyard Performance Lab,G40Cup,Ginetta G40 Cup,Ginetta G40 Cup #17,Ginetta Junior Championship North America,56,ginetta_g40_cup
Brickyard Performance Lab,G40Cup,Ginetta G40 Cup,Ginetta G40 Cup #22,Ginetta Junior Championship North America,57,ginetta_g40_cup
Cape Motorsports,F-Trainer_A,Formula Trainer Advanced,Formula Trainer Advance #16,USF Junior,66,formula_trainer_d
Cape Motorsports,F-Trainer_A,Formula Trainer Advanced,Formula Trainer Advance #17,USF Junior,67,formula_trainer_d
Cape Motorsports,F-Trainer,Formula Trainer,Formula Trainer #20,F1600,70,formula_trainer
Cape Motorsports,F-Trainer,Formula Trainer,Formula Trainer #21 - J.Ramos Skin,F1600,71,formula_trainer
Cape Motorsports,F-Vee_Gen2,Formula Vee Gen2,David D'amico #77,Formula Vee North America,62,formula_vee_gen2
Cape Motorsports,F-Vee_Gen2,Formula Vee Gen2,Gabriel Andrade #99,Formula Vee North America,64,formula_vee_gen2
Catalyst Motorsports,GT3_Gen2,Chevrolet Corvette Z06 GT3.R,Chevrolet Corvette Z06 GT3.R #3 (IMSA 2024),"IMSA WeatherTech SportsCar Championship, British GT Championship, GT World Challenge America",51,corvette_z06_gt3r
Catalyst Motorsports,GT3_Gen2,Porsche 992 GT3 R,Porsche 992 GT3 R #14,"IMSA WeatherTech SportsCar Championship, British GT Championship, GT World Challenge America",56,porsche_992_gt3r
Catalyst Motorsports,LMP2,Oreca 07,Oreca 07 #18 (IMSA 2024),IMSA WeatherTech SportsCar Championship,55,oreca_07
Catalyst Motorsports,LMP2,Oreca 07,Oreca 07 #99 (IMSA 2024),IMSA WeatherTech SportsCar Championship,62,oreca_07
Catalyst Motorsports,GT4,Alpine A110 GT4 Evo,Alpine A110 GT4 Evo #36,IMSA Michelin Pilot Challenge,51,alpine_a110_gt4_evo
Catalyst Motorsports,GT4,Alpine A110 GT4 Evo,Alpine A110 GT4 Evo #63,IMSA Michelin Pilot Challenge,53,alpine_a110_gt4_evo
Catalyst Motorsports,GT3,BMW M6 GT3,BMW M6 GT3 #11,IMSA VP Racing SportsCar Challenge,52,bmw_m6_gt3
Catalyst Motorsports,GT3,BMW M6 GT3,BMW M6 GT3 #61,IMSA VP Racing SportsCar Challenge,53,bmw_m6_gt3
Catalyst Motorsports,P4,MCR S2000,MCR S2000 #13,Radical Cup North America,61,mcr2000
Catalyst Motorsports,P4,MCR S2000,MCR S2000 #14,Radical Cup North America,62,mcr2000
Cavalieri Rosso Group,GT2_05,Milano GT36,Milano GT36 #34,"Ferrari Challenge North America, Ferrari Challenge Europe",56,milano_gt36
Cavalieri Rosso Group,GT2_05,Milano GT36,Milano GT36 #42,"Ferrari Challenge North America, Ferrari Challenge Europe",57,milano_gt36
Cavalieri Rosso Group,Super Trofeo,Lamborghini Huracan Super Trofeo EVO2,Lamborghini Huracan Super Trofeo EVO2 #22,"Lamborghini Super Trofeo North America, Lamborghini Super Trofeo Europe",57,lamborghini_huracan_supertrofeo_evo2
Cavalieri Rosso Group,Super Trofeo,Lamborghini Huracan Super Trofeo EVO2,Lamborghini Huracan Super Trofeo EVO2 #25,"Lamborghini Super Trofeo North America, Lamborghini Super Trofeo Europe",58,lamborghini_huracan_supertrofeo_evo2
Cavalieri Rosso Group,GT1_05,Lamborghini Murcielago R-GT,Lamborghini Murcielago R-GT #28,GT Revival Series,53,lamborghini_murcielago_r_gt
Cavalieri Rosso Group,GT1_05,Lamborghini Murcielago R-GT,Lamborghini Murcielago R-GT #31,GT Revival Series,54,lamborghini_murcielago_r_gt
Chip Ganassi Racing,F-USA_2023,Formula USA 2023,F-USA 2023 #34,NTT IndyCar,75,formula_usa_2023
Chip Ganassi Racing,F-USA_2023,Formula USA 2023,F-USA 2023 #00,NTT IndyCar,51,formula_usa_2023
Chip Ganassi Racing,F-USA_2023,Formula USA 2023,F-USA 2023 #62,NTT IndyCar,79,formula_usa_2023
Chip Ganassi Racing,F-Reiza,Formula V8 Gen3,Didcot Racing #9,Indy NXT,59,formula_reiza
Chip Ganassi Racing,F-Reiza,Formula V8 Gen3,Didcot Racing #10,Indy NXT,60,formula_reiza
Chip Ganassi Racing,F-3,Dallara F309,Cesare Racing #5,USF Pro 2000,52,f309
Chip Ganassi Racing,F-3,Dallara F309,Formula Sport #8,USF Pro 2000,55,f309
Circuitus Legacy Racing,Carrera Cup,Porsche 911 GT3 Cup 3.8,Porsche 911 GT3 Cup 3.8 #98,"Porsche Carrera Supercup, Porsche Carrera Cup North America",62,porsche_991_gt3
Circuitus Legacy Racing,Carrera Cup,Porsche 911 GT3 Cup 3.8,Porsche 911 GT3 Cup 3.8 #00,"Porsche Carrera Supercup, Porsche Carrera Cup North America",52,porsche_991_gt3
Cote d'Azur Competizione,F-Trainer_A,Formula Trainer Advanced,Formula Trainer Advance #6,"Formula 4 UK, Formula 4 Northern Europe, Formula 4 Southern Europe",56,formula_trainer_d
Cote d'Azur Competizione,F-Trainer_A,Formula Trainer Advanced,Formula Trainer Advance #7,"Formula 4 UK, Formula 4 Northern Europe, Formula 4 Southern Europe",57,formula_trainer_d
Cote d'Azur Competizione,F-Trainer,Formula Trainer,Formula Trainer #6,National Formula Ford Championship,56,formula_trainer
Cote d'Azur Competizione,F-Trainer,Formula Trainer,Formula Trainer #7,National Formula Ford Championship,57,formula_trainer
Cote d'Azur Competizione,F-Vee_Gen2,Formula Vee Gen2,Andre Crocci #6,"Formula Vee UK, Formula Vee Germany",54,formula_vee_gen2
Cote d'Azur Competizione,F-Vee_Gen2,Formula Vee Gen2,Davi Osachuki #35,"Formula Vee UK, Formula Vee Germany",60,formula_vee_gen2
Cotswold Precision Racing,GT3_Gen2,Audi R8 LMS GT3 evo II,Audi R8 LMS GT3 evo II #24,"British GT Championship, GT World Challenge Europe, Nürburgring Langstrecken-Serie",51,audi_r8_lms_gt3_evo2
Cotswold Precision Racing,GT3_Gen2,Audi R8 LMS GT3 evo II,Audi R8 LMS GT3 evo II #33,"British GT Championship, GT World Challenge Europe, Nürburgring Langstrecken-Serie",53,audi_r8_lms_gt3_evo2
Cotswold Precision Racing,GT4,Audi R8 LMS GT4,Audi R8 LMS GT4 #12,Nürburgring Langstrecken-Serie,52,audi_r8_lms_gt4
Cotswold Precision Racing,GT4,Audi R8 LMS GT4,Audi R8 LMS GT4 #20,Nürburgring Langstrecken-Serie,54,audi_r8_lms_gt4
Cotswold Precision Racing,Carrera Cup,Porsche 911 GT3 Cup 3.8,Porsche 911 GT3 Cup 3.8 #911,Porsche Carrera Cup UK,51,porsche_991_gt3
Cotswold Precision Racing,Carrera Cup,Porsche 911 GT3 Cup 4.0,Porsche 911 GT3 Cup 4.0 #911,Porsche Carrera Cup UK,51,porsche_991_gt3_2
Cotswold Precision Racing,MiniChallenge,MINI Cooper JCW,MINI Cooper JCW #6,Mini Challenge,55,mini_cooper
Cotswold Precision Racing,MiniChallenge,MINI Cooper JCW,MINI Cooper JCW #10,Mini Challenge,56,mini_cooper
Cotswold Precision Racing,G40Cup,Ginetta G40 Cup,Ginetta G40 Cup #05,Ginetta Junior Championship UK,53,ginetta_g40_cup
Cotswold Precision Racing,G40Cup,Ginetta G40 Cup,Ginetta G40 Cup #09,Ginetta Junior Championship UK,54,ginetta_g40_cup
Cotswold Precision Racing,P4,MCR S2000,MCR S2000 #21,Radical Cup Europe,67,mcr2000
Cotswold Precision Racing,P4,MCR S2000,MCR S2000 #22,Radical Cup Europe,68,mcr2000
Cotswold Precision Racing,GT1_05,Maserati MC12 GT1,Maserati MC12 GT1 #1,GT Revival Series,51,maserati_mc12_gt1
Cotswold Precision Racing,GT1_05,Maserati MC12 GT1,Maserati MC12 GT1 #33,GT Revival Series,52,maserati_mc12_gt1
Cusick Morgan Motorsports,F-Inter,Formula Inter MG-15,F.Inter MG-15 #20,USF2000,64,formula_inter
Cusick Morgan Motorsports,F-Inter,Formula Inter MG-15,F.Inter MG-15 #31,USF2000,65,formula_inter
Cusick Morgan Motorsports,F-Trainer_A,Formula Trainer Advanced,Formula Trainer Advance #2,USF Junior,52,formula_trainer_d
Cusick Morgan Motorsports,F-Trainer_A,Formula Trainer Advanced,Formula Trainer Advance #20,USF Junior,70,formula_trainer_d
Cusick Morgan Motorsports,F-Trainer,Formula Trainer,Formula Trainer #19,F1600,69,formula_trainer
Cusick Morgan Motorsports,F-Trainer,Formula Trainer,Formula Trainer #2,F1600,52,formula_trainer
Cusick Morgan Motorsports,F-Vee_Gen2,Formula Vee Gen2,Guilherme Putnoki #7,Formula Vee North America,55,formula_vee_gen2
Cusick Morgan Motorsports,F-Vee_Gen2,Formula Vee Gen2,Jackson Brito #3,Formula Vee North America,53,formula_vee_gen2
Dale Coyne Racing,F-USA_2023,Formula USA 2023,F-USA 2023 #05,NTT IndyCar,56,formula_usa_2023
Dale Coyne Racing,F-USA_2023,Formula USA 2023,F-USA 2023 #15,NTT IndyCar,66,formula_usa_2023
Dale Coyne Racing,F-Reiza,Formula V8 Gen3,Scuderia Forza #3,Indy NXT,53,formula_reiza
Dale Coyne Racing,F-Reiza,Formula V8 Gen3,Scuderia Forza #4,Indy NXT,54,formula_reiza
Dale Coyne Racing,F-3,Dallara F301,Anderson Motorsport #19,USF Pro 2000,51,f301
Dale Coyne Racing,F-3,Dallara F301,Anderson Motorsport #21,USF Pro 2000,52,f301
Dale Coyne Racing,F-Inter,Formula Inter MG-15,F.Inter MG-15 #6,USF2000,57,formula_inter
Dale Coyne Racing,F-Inter,Formula Inter MG-15,F.Inter MG-15 #7,USF2000,58,formula_inter
Dale Coyne Racing,F-Trainer,Formula Trainer,Formula Trainer #4,F1600,54,formula_trainer
Dale Coyne Racing,F-Trainer,Formula Trainer,Formula Trainer #5,F1600,55,formula_trainer
Dreyer & Reinbold Racing,F-USA_2023,Formula USA 2023,F-USA 2023 #11,NTT IndyCar,62,formula_usa_2023
Dreyer & Reinbold Racing,F-Reiza,Formula V8 Gen3,Team Virystone #11,Indy NXT,61,formula_reiza
Dreyer & Reinbold Racing,F-Reiza,Formula V8 Gen3,Team Virystone #12,Indy NXT,62,formula_reiza
Dreyer & Reinbold Racing,F-3,Dallara F301,Gordini G.P. #27,USF Pro 2000,55,f301
Dreyer & Reinbold Racing,F-3,Dallara F301,Gordini G.P. #28,USF Pro 2000,56,f301
Dreyer & Reinbold Racing,F-Trainer,Formula Trainer,Formula Trainer #3,F1600,53,formula_trainer
Dreyer & Reinbold Racing,F-Trainer,Formula Trainer,Formula Trainer #33,F1600,77,formula_trainer
Ecurie Belge Developpement,F-Inter,Formula Inter MG-15,F.Inter MG-15 #19,FRECA,63,formula_inter
Ecurie Belge Developpement,F-Inter,Formula Inter MG-15,F.Inter MG-15 #2,FRECA,54,formula_inter
Ecurie Belge Developpement,F-Trainer_A,Formula Trainer Advanced,Formula Trainer Advance #12,"Formula 4 UK, Formula 4 Northern Europe, Formula 4 Southern Europe",62,formula_trainer_d
Ecurie Belge Developpement,F-Trainer_A,Formula Trainer Advanced,Formula Trainer Advance #13,"Formula 4 UK, Formula 4 Northern Europe, Formula 4 Southern Europe",63,formula_trainer_d
Ecurie Belge Developpement,F-Trainer,Formula Trainer,Formula Trainer #15,National Formula Ford Championship,65,formula_trainer
Ecurie Belge Developpement,F-Trainer,Formula Trainer,Formula Trainer #16,National Formula Ford Championship,66,formula_trainer
Ed Carpenter Racing,F-USA_2023,Formula USA 2023,F-USA 2023 #20,NTT IndyCar,69,formula_usa_2023
Ed Carpenter Racing,F-USA_2023,Formula USA 2023,F-USA 2023 #09,NTT IndyCar,60,formula_usa_2023
Ed Carpenter Racing,F-USA_2023,Formula USA 2023,F-USA 2023 #13,NTT IndyCar,64,formula_usa_2023
Ed Carpenter Racing,F-Reiza,Formula V8 Gen3,Roch G.P. #22,Indy NXT,71,formula_reiza
Ed Carpenter Racing,F-Reiza,Formula V8 Gen3,Roch G.P. #23,Indy NXT,72,formula_reiza
Eiger Sport Management,LMP2_Gen1,Oreca 07,Oreca 07 #22,European Le Mans Series,52,oreca_07
Eiger Sport Management,Super Trofeo,Lamborghini Huracan Super Trofeo EVO2,Lamborghini Huracan Super Trofeo EVO2 #44,Lamborghini Super Trofeo Europe,63,lamborghini_huracan_supertrofeo_evo2
Eiger Sport Management,Super Trofeo,Lamborghini Huracan Super Trofeo EVO2,Lamborghini Huracan Super Trofeo EVO2 #47,Lamborghini Super Trofeo Europe,64,lamborghini_huracan_supertrofeo_evo2
Eiger Sport Management,LMDh,BMW M Hybrid V8,BMW M Hybrid V8 #42,World Endurance Championship,53,bmw_m_hybrid_v8
Eiger Sport Management,LMDh,BMW M Hybrid V8,BMW M Hybrid V8 #43,World Endurance Championship,54,bmw_m_hybrid_v8
Eiger Sport Management,GT3_Gen2,BMW M4 GT3,BMW M4 GT3 #10,"World Endurance Championship, Intercontinental GT Challenge, GT World Challenge Europe, Nürburgring Langstrecken-Serie",55,bmw_m4_gt3
Eiger Sport Management,GT3_Gen2,BMW M4 GT3,BMW M4 GT3 #55,"World Endurance Championship, Intercontinental GT Challenge, GT World Challenge Europe, Nürburgring Langstrecken-Serie",56,bmw_m4_gt3
Eiger Sport Management,GT4,BMW M4 GT4,BMW M4 GT4 #10,Nürburgring Langstrecken-Serie,55,bmw_m4_gt4
Eiger Sport Management,GT4,BMW M4 GT4,BMW M4 GT4 #7,Nürburgring Langstrecken-Serie,52,bmw_m4_gt4
Eiger Sport Management,GT3,BMW M6 GT3,BMW M6 GT3 #11,"European Le Mans Series, Michelin Le Mans Cup",52,bmw_m6_gt3
Eiger Sport Management,GT3,BMW M6 GT3,BMW M6 GT3 #61,"European Le Mans Series, Michelin Le Mans Cup",53,bmw_m6_gt3
Eiger Sport Management,P1Gen2,Ginetta G58 Gen2,Ginetta G58 Gen2 #20,Michelin Le Mans Cup,52,ginetta_g58_gen2
Eiger Sport Management,P4,MCR S2000,MCR S2000 #1,Radical Cup Europe,51,mcr2000
Eiger Sport Management,P4,MCR S2000,MCR S2000 #27 - A.Tobin Skin,Radical Cup Europe,72,mcr2000
Eiger Sport Management,P1Gen2,Ginetta G58 Gen2,Ginetta G58 Gen2 #1,"European Le Mans Series, Michelin Le Mans Cup",51,ginetta_g58_gen2
Eiger Sport Management,P1Gen2,Ginetta G58 Gen2,Ginetta G58 Gen2 #22,European Le Mans Series,54,ginetta_g58_gen2
Elysium GT Racing,GT3_Gen2,BMW M4 GT3,BMW M4 GT3 #7,GT World Challenge Sprint,54,bmw_m4_gt3
Elysium GT Racing,GT3_Gen2,Mercedes-AMG GT3 Evo,Mercedes-AMG GT3 Evo #80 (IMSA 2024),GT World Challenge Sprint,54,mercedes_amg_gt3_evo
Elysium GT Racing,Carrera Cup,Porsche 911 GT3 Cup 3.8,Porsche 911 GT3 Cup 3.8 #78,"Porsche Carrera Supercup, Porsche Carrera Cup UK, Porsche Carrera Cup North America",58,porsche_991_gt3
Elysium GT Racing,Carrera Cup,Porsche 911 GT3 Cup 3.8,Porsche 911 GT3 Cup 3.8 #87,"Porsche Carrera Supercup, Porsche Carrera Cup UK, Porsche Carrera Cup North America",59,porsche_991_gt3
Elysium GT Racing,GT1_05,Aston Martin DBR9,Aston Martin DBR9 #57,GT Revival Series,51,aston_martin_dbr9_gt1
Elysium GT Racing,GT1_05,Aston Martin DBR9,Aston Martin DBR9 #58,GT Revival Series,52,aston_martin_dbr9_gt1
Exotic Motors Alliance,GT2_05,Milano GT36,Milano GT36 #25,"Ferrari Challenge North America, Ferrari Challenge Europe",54,milano_gt36
Exotic Motors Alliance,GT2_05,Milano GT36,Milano GT36 #31,"Ferrari Challenge North America, Ferrari Challenge Europe",55,milano_gt36
Exotic Motors Alliance,Super Trofeo,Lamborghini Huracan Super Trofeo EVO2,Lamborghini Huracan Super Trofeo EVO2 #10,"Lamborghini Super Trofeo North America, Lamborghini Super Trofeo Europe",55,lamborghini_huracan_supertrofeo_evo2
Exotic Motors Alliance,Super Trofeo,Lamborghini Huracan Super Trofeo EVO2,Lamborghini Huracan Super Trofeo EVO2 #15,"Lamborghini Super Trofeo North America, Lamborghini Super Trofeo Europe",56,lamborghini_huracan_supertrofeo_evo2
Exotic Motors Alliance,GT1_05,Lamborghini Murcielago R-GT,Lamborghini Murcielago R-GT #42,GT Revival Series,55,lamborghini_murcielago_r_gt
Exotic Motors Alliance,GT1_05,Lamborghini Murcielago R-GT,Lamborghini Murcielago R-GT #45,GT Revival Series,56,lamborghini_murcielago_r_gt
Flint Hills Raceworks,F-Trainer_A,Formula Trainer Advanced,Formula Trainer Advance #6,USF Junior,56,formula_trainer_d
Flint Hills Raceworks,F-Trainer_A,Formula Trainer Advanced,Formula Trainer Advance #7,USF Junior,57,formula_trainer_d
Flint Hills Raceworks,F-Trainer,Formula Trainer,Formula Trainer #11,F1600,61,formula_trainer
Flint Hills Raceworks,F-Trainer,Formula Trainer,Formula Trainer #12,F1600,62,formula_trainer
Flint Hills Raceworks,F-Vee_Gen2,Formula Vee Gen2,Jairo Rozenblit #18,Formula Vee North America,56,formula_vee_gen2
Flint Hills Raceworks,F-Vee_Gen2,Formula Vee Gen2,Joao Dante #128,Formula Vee North America,65,formula_vee_gen2
Fox-Davies Preparations,MiniChallenge,MINI Cooper JCW,MINI Cooper JCW #00,"Mini Challenge,IMSA Michelin Pilot Challenge",51,mini_cooper
Fox-Davies Preparations,MiniChallenge,MINI Cooper JCW,MINI Cooper JCW #5,"Mini Challenge, IMSA Michelin Pilot Challenge",54,mini_cooper
Fox-Davies Preparations,G40Cup,Ginetta G40 Cup,Ginetta G40 Cup #01,Ginetta Junior Championship UK,51,ginetta_g40_cup
Fox-Davies Preparations,G40Cup,Ginetta G40 Cup,Ginetta G40 Cup #02,Ginetta Junior Championship UK,52,ginetta_g40_cup
Garnet Motorsport,GT3_Gen2,McLaren 720S GT3 Evo,McLaren 720S GT3 Evo #70 (IMSA 2024),"IMSA WeatherTech SportsCar Championship, GT World Challenge America, GT World Challenge Sprint",52,mclaren_720s_gt3_evo
Garnet Motorsport,GT3_Gen2,BMW M4 GT3,BMW M4 GT3 #55,"IMSA WeatherTech SportsCar Championship, GT World Challenge America, GT World Challenge Sprint",56,bmw_m4_gt3
Garnet Motorsport,GT4,BMW M4 GT4,BMW M4 GT4 #7,"IMSA Michelin Pilot Challenge, British GT Championship",52,bmw_m4_gt4
Garnet Motorsport,GT4,BMW M4 GT4,BMW M4 GT4 #8,"IMSA Michelin Pilot Challenge, British GT Championship",53,bmw_m4_gt4
Garnet Motorsport,GT3,Mercedes-AMG GT3,Mercedes-AMG GT3 #01,IMSA VP Racing SportsCar Challenge,51,mercedes_amg_gt3
Garnet Motorsport,GT3,Mercedes-AMG GT3,Mercedes-AMG GT3 #09,IMSA VP Racing SportsCar Challenge,52,mercedes_amg_gt3
Garnet Motorsport,P4,MCR S2000,MCR S2000 #17,Radical Cup North America,64,mcr2000
Garnet Motorsport,P4,MCR S2000,MCR S2000 #18,Radical Cup North America,65,mcr2000
Garrison-Hague Motorsport,F-Trainer_A,Formula Trainer Advanced,Formula Trainer Advance #8,USF Junior,58,formula_trainer_d
Garrison-Hague Motorsport,F-Trainer_A,Formula Trainer Advanced,Formula Trainer Advance #9,USF Junior,59,formula_trainer_d
Garrison-Hague Motorsport,F-Trainer,Formula Trainer,Formula Trainer #1,F1600,51,formula_trainer
Garrison-Hague Motorsport,F-Trainer,Formula Trainer,Formula Trainer #10,F1600,60,formula_trainer
Garrison-Hague Motorsport,F-Vee_Gen2,Formula Vee Gen2,Joao Ramalho #1,Formula Vee North America,52,formula_vee_gen2
Garrison-Hague Motorsport,F-Vee_Gen2,Formula Vee Gen2,Kleber Rocha #00,Formula Vee North America,51,formula_vee_gen2
Golden Gate Racing Group,G40Cup,Ginetta G40 Cup,Ginetta G40 Cup #42,Ginetta Junior Championship North America,64,ginetta_g40_cup
Golden Gate Racing Group,G40Cup,Ginetta G40 Cup,Ginetta G40 Cup #46,Ginetta Junior Championship North America,65,ginetta_g40_cup
Granite State Garage,G40Cup,Ginetta G40 Cup,Ginetta G40 Cup #28,Ginetta Junior Championship North America,60,ginetta_g40_cup
Granite State Garage,G40Cup,Ginetta G40 Cup,Ginetta G40 Cup #32,Ginetta Junior Championship North America,61,ginetta_g40_cup
Gulf Coast Competition,Super Trofeo,Lamborghini Huracan Super Trofeo EVO2,Lamborghini Huracan Super Trofeo EVO2 #48,Lamborghini Super Trofeo North America,65,lamborghini_huracan_supertrofeo_evo2
Gulf Coast Competition,Super Trofeo,Lamborghini Huracan Super Trofeo EVO2,Lamborghini Huracan Super Trofeo EVO2 #50,Lamborghini Super Trofeo North America,66,lamborghini_huracan_supertrofeo_evo2
Gulf Coast Competition,G40Cup,Ginetta G40 Cup,Ginetta G40 Cup #25,Ginetta Junior Championship North America,58,ginetta_g40_cup
Gulf Coast Competition,G40Cup,Ginetta G40 Cup,Ginetta G40 Cup #27,Ginetta Junior Championship North America,59,ginetta_g40_cup
Haas,F-Ultimate_Gen2,Formula Ultimate Hybrid Gen3,DNA-US #4,Formula 1,57,formula_ultimate_2024
Haas,F-Ultimate_Gen2,Formula Ultimate Hybrid Gen3,DNA-US #7,Formula 1,58,formula_ultimate_2024
Haas,F-Reiza,Formula V8 Gen3,Roch G.P. #22,Formula 2,71,formula_reiza
Haas,F-Reiza,Formula V8 Gen3,Roch G.P. #23,Formula 2,72,formula_reiza
Haas,F-3,Dallara F301,Anderson Motorsport #19,Formula 3,51,f301
Haas,F-3,Dallara F301,Anderson Motorsport #21,Formula 3,52,f301
Helvetia Junior Team,F-3,Dallara F301,Power On Motors #43,Formula 3,57,f301
Helvetia Junior Team,F-3,Dallara F301,Reiza G.P. Community Skin #96,Formula 3,62,f301
Helvetia Junior Team,F-Inter,Formula Inter MG-15,F.Inter MG-15 #82,FRECA,69,formula_inter
Helvetia Junior Team,F-Inter,Formula Inter MG-15,F.Inter MG-15 #91,FRECA,70,formula_inter
Helvetia Junior Team,F-Trainer_A,Formula Trainer Advanced,Formula Trainer Advance #3,"Formula 4 UK, Formula 4 Northern Europe, Formula 4 Southern Europe",53,formula_trainer_d
Helvetia Junior Team,F-Trainer_A,Formula Trainer Advanced,Formula Trainer Advance #33,"Formula 4 UK, Formula 4 Northern Europe, Formula 4 Southern Europe",77,formula_trainer_d
Helvetia Junior Team,F-Trainer,Formula Trainer,Formula Trainer #3,National Formula Ford Championship,53,formula_trainer
Helvetia Junior Team,F-Trainer,Formula Trainer,Formula Trainer #33,National Formula Ford Championship,77,formula_trainer
Helvetia Junior Team,F-Vee_Gen2,Formula Vee Gen2,David D'amico #77,"Formula Vee UK, Formula Vee Germany",62,formula_vee_gen2
Helvetia Junior Team,F-Vee_Gen2,Formula Vee Gen2,Gabriel Andrade #99,"Formula Vee UK, Formula Vee Germany",64,formula_vee_gen2
Heritage Racing Collective,GT2_05,Milano GT36,Milano GT36 #43,"Ferrari Challenge North America, Ferrari Challenge Europe",58,milano_gt36
Heritage Racing Collective,GT2_05,Milano GT36,Milano GT36 #51,"Ferrari Challenge North America, Ferrari Challenge Europe",59,milano_gt36
Heritage Racing Collective,Super Trofeo,Lamborghini Huracan Super Trofeo EVO2,Lamborghini Huracan Super Trofeo EVO2 #27,"Lamborghini Super Trofeo North America, Lamborghini Super Trofeo Europe",59,lamborghini_huracan_supertrofeo_evo2
Heritage Racing Collective,Super Trofeo,Lamborghini Huracan Super Trofeo EVO2,Lamborghini Huracan Super Trofeo EVO2 #28,"Lamborghini Super Trofeo North America, Lamborghini Super Trofeo Europe",60,lamborghini_huracan_supertrofeo_evo2
Heritage Racing Collective,GT1_05,Lamborghini Murcielago R-GT,Lamborghini Murcielago R-GT #10,GT Revival Series,51,lamborghini_murcielago_r_gt
Heritage Racing Collective,GT1_05,Lamborghini Murcielago R-GT,Lamborghini Murcielago R-GT #25,GT Revival Series,52,lamborghini_murcielago_r_gt
High Plains Speedworks,G40Cup,Ginetta G40 Cup,Ginetta G40 Cup #88,Ginetta Junior Championship North America,72,ginetta_g40_cup
High Plains Speedworks,G40Cup,Ginetta G40 Cup,Ginetta G40 Cup #01,Ginetta Junior Championship North America,51,ginetta_g40_cup
High Plains Speedworks,P4,MCR S2000,MCR S2000 #23,Radical Cup North America,69,mcr2000
High Plains Speedworks,P4,MCR S2000,MCR S2000 #31,Radical Cup North America,76,mcr2000
HMD Motorsports,F-Reiza,Formula V8 Gen3,Zir-Win Motorsport #1,Indy NXT,51,formula_reiza
HMD Motorsports,F-Reiza,Formula V8 Gen3,Zir-Win Motorsport #2,Indy NXT,52,formula_reiza
HMD Motorsports,F-3,Dallara F301,Kota Racing #46,USF Pro 2000,58,f301
HMD Motorsports,F-3,Dallara F301,Kota Racing #71,USF Pro 2000,59,f301
HMD Motorsports,F-Inter,Formula Inter MG-15,F.Inter MG-15 #4,USF2000,56,formula_inter
HMD Motorsports,F-Inter,Formula Inter MG-15,F.Inter MG-15 #42,USF2000,68,formula_inter
HMD Motorsports,F-Trainer_A,Formula Trainer Advanced,Formula Trainer Advance #18,USF Junior,68,formula_trainer_d
HMD Motorsports,F-Trainer_A,Formula Trainer Advanced,Formula Trainer Advance #19,USF Junior,69,formula_trainer_d
HMD Motorsports,F-Trainer,Formula Trainer,Formula Trainer #25,F1600,75,formula_trainer
HMD Motorsports,F-Trainer,Formula Trainer,Formula Trainer #26,F1600,76,formula_trainer
Ironwood Performance,GT3_Gen2,BMW M4 GT3,BMW M4 GT3 #96 (IMSA 2024),"IMSA WeatherTech SportsCar Championship, Intercontinental GT Challenge, GT World Challenge America, GT World Challenge Sprint",53,bmw_m4_gt3
Ironwood Performance,GT3_Gen2,Mercedes-AMG GT3 Evo,Mercedes-AMG GT3 Evo #75 (IMSA 2024),"IMSA WeatherTech SportsCar Championship, Intercontinental GT Challenge, GT World Challenge America, GT World Challenge Sprint",53,mercedes_amg_gt3_evo
Ironwood Performance,GT4,Ginetta G55 GT4,Ginetta G55 GT4 #13,British GT Championship,52,ginetta_g55_gt4_2
Ironwood Performance,GT4,Ginetta G55 GT4,Ginetta G55 GT4 #19,British GT Championship,53,ginetta_g55_gt4_2
Ironwood Performance,MiniChallenge,MINI Cooper JCW,MINI Cooper JCW #22,IMSA Michelin Pilot Challenge,61,mini_cooper
Ironwood Performance,MiniChallenge,MINI Cooper JCW,MINI Cooper JCW #26,IMSA Michelin Pilot Challenge,62,mini_cooper
Ironwood Performance,GT3,Nissan GT-R Nismo GT3,Nissan Nismo GT-R GT3 #201,IMSA VP Racing SportsCar Challenge,51,nissan_gt-r_gt3
Ironwood Performance,GT3,Nissan GT-R Nismo GT3,Nissan Nismo GT-R GT3 #202,IMSA VP Racing SportsCar Challenge,52,nissan_gt-r_gt3
Ironwood Performance,P4,MCR S2000,MCR S2000 #19,Radical Cup North America,66,mcr2000
Ironwood Performance,P4,MCR S2000,MCR S2000 #30,Radical Cup North America,75,mcr2000
Juncos Hollinger Racing,F-USA_2023,Formula USA 2023,F-USA 2023 #25,NTT IndyCar,74,formula_usa_2023
Juncos Hollinger Racing,F-USA_2023,Formula USA 2023,F-USA 2023 #74,NTT IndyCar,80,formula_usa_2023
Juncos Hollinger Racing,F-Reiza,Formula V8 Gen3,Starward G.P. #18,Indy NXT,67,formula_reiza
Juncos Hollinger Racing,F-Reiza,Formula V8 Gen3,Starward G.P. #19,Indy NXT,68,formula_reiza
Juncos Hollinger Racing,F-3,Dallara F301,Distop Motors #77,USF Pro 2000,60,f301
Juncos Hollinger Racing,F-3,Dallara F301,Distop Motors #78,USF Pro 2000,61,f301
Kaiser-Wolff Racing,Carrera Cup,Porsche 911 GT3 Cup 4.0,Porsche 911 GT3 Cup 4.0 #41,"Porsche Carrera Supercup, Porsche Carrera Cup UK, Porsche Carrera Cup North America",58,porsche_991_gt3_2
Kaiser-Wolff Racing,Carrera Cup,Porsche 911 GT3 Cup 3.8,Porsche 911 GT3 Cup 3.8 #53,"Porsche Carrera Supercup, Porsche Carrera Cup UK, Porsche Carrera Cup North America",55,porsche_991_gt3
Kaiser-Wolff Racing,GT4,Aston Martin Vantage GT4 Evo,AMR Vantage GT4 Evo #303,"IMSA VP Racing SportsCar Challenge, British GT Championship",53,aston_martin_vantage_gt4_evo
Kaiser-Wolff Racing,GT4,Aston Martin Vantage GT4 Evo,AMR Vantage GT4 Evo #304,"IMSA VP Racing SportsCar Challenge, British GT Championship",54,aston_martin_vantage_gt4_evo
Kaiser-Wolff Racing,GT3_Gen2,Aston Martin Vantage GT3 Evo,AMR Vantage GT3 Evo #23 (IMSA 2024),"GT World Challenge America, GT World Challenge Sprint",51,aston_martin_vantage_gt3_evo
Kaiser-Wolff Racing,GT3_Gen2,Aston Martin Vantage GT3 Evo,AMR Vantage GT3 Evo #44 (IMSA 2024),"GT World Challenge America, GT World Challenge Sprint",53,aston_martin_vantage_gt3_evo
Kaiser-Wolff Racing,GT1_05,Aston Martin DBR9,Aston Martin DBR9 #59,GT Revival Series,53,aston_martin_dbr9_gt1
Kaiser-Wolff Racing,GT1_05,Aston Martin DBR9,Aston Martin DBR9 #60,GT Revival Series,54,aston_martin_dbr9_gt1
Kinetix European Racing,LMP2_Gen1,Oreca 07,Oreca 07 #35,European Le Mans Series,53,oreca_07
Kinetix European Racing,Super Trofeo,Lamborghini Huracan Super Trofeo EVO2,Lamborghini Huracan Super Trofeo EVO2 #86,Lamborghini Super Trofeo Europe,73,lamborghini_huracan_supertrofeo_evo2
Kinetix European Racing,Super Trofeo,Lamborghini Huracan Super Trofeo EVO2,Lamborghini Huracan Super Trofeo EVO2 #88,Lamborghini Super Trofeo Europe,74,lamborghini_huracan_supertrofeo_evo2
Kinetix European Racing,GT3_Gen2,Porsche 992 GT3 R,Porsche 992 GT3 R #14,"World Endurance Championship, Intercontinental GT Challenge, GT World Challenge Europe, Nürburgring Langstrecken-Serie",56,porsche_992_gt3r
Kinetix European Racing,GT3_Gen2,Porsche 992 GT3 R,Porsche 992 GT3 R #992,"World Endurance Championship, Intercontinental GT Challenge, GT World Challenge Europe, Nürburgring Langstrecken-Serie",57,porsche_992_gt3r
Kinetix European Racing,GT4,Porsche Cayman GT4 Clubsport MR,Porsche Cayman GT4 CS MR #101,Nürburgring Langstrecken-Serie,52,porsche_cayman_gt4cs
Kinetix European Racing,GT4,Porsche Cayman GT4 Clubsport MR,Porsche Cayman GT4 CS MR #100,Nürburgring Langstrecken-Serie,51,porsche_cayman_gt4cs
Kinetix European Racing,GT3,Porsche 911 GT3 R,Porsche 911 GT3 R #05,"European Le Mans Series, Michelin Le Mans Cup",51,porsche_991_gt3r
Kinetix European Racing,GT3,Porsche 911 GT3 R,Porsche 911 GT3 R #17,"European Le Mans Series, Michelin Le Mans Cup",53,porsche_991_gt3r
Kinetix European Racing,P1Gen2,Ginetta G58 Gen2,Ginetta G58 Gen2 #54,Michelin Le Mans Cup,56,ginetta_g58_gen2
Kinetix European Racing,G40Cup,Ginetta G40 Cup,Ginetta G40 Cup #22,Ginetta Junior Championship Europe,57,ginetta_g40_cup
Kinetix European Racing,G40Cup,Ginetta G40 Cup,Ginetta G40 Cup #25,Ginetta Junior Championship Europe,58,ginetta_g40_cup
Kinetix European Racing,P4,MCR S2000,MCR S2000 #11,Radical Cup Europe,59,mcr2000
Kinetix European Racing,P4,MCR S2000,MCR S2000 #12,Radical Cup Europe,60,mcr2000
Kinetix European Racing,P1Gen2,Ginetta G58 Gen2,Ginetta G58 Gen2 #53,"European Le Mans Series, Michelin Le Mans Cup",55,ginetta_g58_gen2
Kinetix European Racing,P1Gen2,Ginetta G58 Gen2,Ginetta G58 Gen2 #54,European Le Mans Series,56,ginetta_g58_gen2
Lemanic Motorsport,P1Gen2,MetalMoro AJR Gen2 Chevrolet,MM AJR Chev Gen2 #55,Michelin Le Mans Cup,52,metalmoro_ajr_gen2
Lemanic Motorsport,P1Gen2,MetalMoro AJR Gen2 Chevrolet,MM AJR Chev Gen2 #232,Michelin Le Mans Cup,54,metalmoro_ajr_gen2
Lemanic Motorsport,G40Cup,Ginetta G40 Cup,Ginetta G40 Cup #38,Ginetta Junior Championship Europe,63,ginetta_g40_cup
Lemanic Motorsport,G40Cup,Ginetta G40 Cup,Ginetta G40 Cup #42,Ginetta Junior Championship Europe,64,ginetta_g40_cup
Lemanic Motorsport,P4,MCR S2000,MCR S2000 #17,Radical Cup Europe,64,mcr2000
Lemanic Motorsport,P4,MCR S2000,MCR S2000 #18,Radical Cup Europe,65,mcr2000
Lemanic Motorsport,GT1_05,Chevrolet Corvette C5-R,Chevrolet Corvette C5-R #2,GT Revival Series,51,corvette_c5r
Lemanic Motorsport,GT1_05,Chevrolet Corvette C5-R,Chevrolet Corvette C5-R #5,GT Revival Series,52,corvette_c5r
Liberty Motorsports,GT3_Gen2,Aston Martin Vantage GT3 Evo,AMR Vantage GT3 Evo #42,British GT Championship,55,aston_martin_vantage_gt3_evo
Liberty Motorsports,GT3_Gen2,Aston Martin Vantage GT3 Evo,AMR Vantage GT3 Evo #73,British GT Championship,56,aston_martin_vantage_gt3_evo
Liberty Motorsports,MiniChallenge,MINI Cooper JCW,MINI Cooper JCW #33,"IMSA Michelin Pilot Challenge, Mini Challenge",66,mini_cooper
Liberty Motorsports,MiniChallenge,MINI Cooper JCW,MINI Cooper JCW #38,"IMSA Michelin Pilot Challenge, Mini Challenge",67,mini_cooper
Liberty Motorsports,G40Cup,Ginetta G40 Cup,Ginetta G40 Cup #92,"Ginetta Junior Championship UK, Ginetta Junior Championship North America, Ginetta Junior Championship Europe",73,ginetta_g40_cup
Liberty Motorsports,G40Cup,Ginetta G40 Cup,Ginetta G40 Cup #77,"Ginetta Junior Championship UK, Ginetta Junior Championship North America, Ginetta Junior Championship Europe",71,ginetta_g40_cup
Liberty Motorsports,GT1_05,Aston Martin DBR9,Aston Martin DBR9 #62,GT Revival Series,55,aston_martin_dbr9_gt1
Liberty Motorsports,GT1_05,Aston Martin DBR9,Aston Martin DBR9 #64,GT Revival Series,56,aston_martin_dbr9_gt1
Lone Star Aero-Sport,Super Trofeo,Lamborghini Huracan Super Trofeo EVO2,Lamborghini Huracan Super Trofeo EVO2 #44,Lamborghini Super Trofeo North America,63,lamborghini_huracan_supertrofeo_evo2
Lone Star Aero-Sport,Super Trofeo,Lamborghini Huracan Super Trofeo EVO2,Lamborghini Huracan Super Trofeo EVO2 #47,Lamborghini Super Trofeo North America,64,lamborghini_huracan_supertrofeo_evo2
Lone Star Aero-Sport,G40Cup,Ginetta G40 Cup,Ginetta G40 Cup #34,Ginetta Junior Championship North America,62,ginetta_g40_cup
Lone Star Aero-Sport,G40Cup,Ginetta G40 Cup,Ginetta G40 Cup #38,Ginetta Junior Championship North America,63,ginetta_g40_cup
Lone Star Aero-Sport,P4,MCR S2000,MCR S2000 #21,Radical Cup North America,67,mcr2000
Lone Star Aero-Sport,P4,MCR S2000,MCR S2000 #22,Radical Cup North America,68,mcr2000
Loomis-Vance Racing,F-Trainer_A,Formula Trainer Advanced,Formula Trainer Advance #25,USF Junior,75,formula_trainer_d
Loomis-Vance Racing,F-Trainer_A,Formula Trainer Advanced,Formula Trainer Advance #26,USF Junior,76,formula_trainer_d
Loomis-Vance Racing,F-Trainer,Formula Trainer,Formula Trainer #17,F1600,67,formula_trainer
Loomis-Vance Racing,F-Trainer,Formula Trainer,Formula Trainer #18,F1600,68,formula_trainer
Loomis-Vance Racing,F-Vee_Gen2,Formula Vee Gen2,Levi Simoes #44,Formula Vee North America,61,formula_vee_gen2
Loomis-Vance Racing,F-Vee_Gen2,Formula Vee Gen2,Lucas Veloso #999,Formula Vee North America,67,formula_vee_gen2
Luzern Precision Engineering,F-Inter,Formula Inter MG-15,F.Inter MG-15 #33,FRECA,66,formula_inter
Luzern Precision Engineering,F-Inter,Formula Inter MG-15,F.Inter MG-15 #36,FRECA,67,formula_inter
Luzern Precision Engineering,F-Trainer_A,Formula Trainer Advanced,Formula Trainer Advance #16,"Formula 4 UK, Formula 4 Northern Europe, Formula 4 Southern Europe",66,formula_trainer_d
Luzern Precision Engineering,F-Trainer_A,Formula Trainer Advanced,Formula Trainer Advance #17,"Formula 4 UK, Formula 4 Northern Europe, Formula 4 Southern Europe",67,formula_trainer_d
Luzern Precision Engineering,F-Trainer,Formula Trainer,Formula Trainer #19,National Formula Ford Championship,69,formula_trainer
Luzern Precision Engineering,F-Trainer,Formula Trainer,Formula Trainer #2,National Formula Ford Championship,52,formula_trainer
Luzern Precision Engineering,F-Vee_Gen2,Formula Vee Gen2,Guilherme Putnoki #7,"Formula Vee UK, Formula Vee Germany",55,formula_vee_gen2
Luzern Precision Engineering,F-Vee_Gen2,Formula Vee Gen2,Jackson Brito #3,"Formula Vee UK, Formula Vee Germany",53,formula_vee_gen2
Maranello Global Partners,GT2_05,Milano GT36,Milano GT36 #17,"Ferrari Challenge North America, Ferrari Challenge Europe",52,milano_gt36
Maranello Global Partners,GT2_05,Milano GT36,Milano GT36 #20,"Ferrari Challenge North America, Ferrari Challenge Europe",53,milano_gt36
Maranello Global Partners,Super Trofeo,Lamborghini Huracan Super Trofeo EVO2,Lamborghini Huracan Super Trofeo EVO2 #7,"Lamborghini Super Trofeo North America, Lamborghini Super Trofeo Europe",53,lamborghini_huracan_supertrofeo_evo2
Maranello Global Partners,Super Trofeo,Lamborghini Huracan Super Trofeo EVO2,Lamborghini Huracan Super Trofeo EVO2 #8,"Lamborghini Super Trofeo North America, Lamborghini Super Trofeo Europe",54,lamborghini_huracan_supertrofeo_evo2
McLaren Racing,GT3_Gen2,McLaren 720S GT3 Evo,McLaren 720S GT3 Evo #25,"World Endurance Championship, Intercontinental GT Challenge, GT World Challenge Europe, GT World Challenge Sprint",53,mclaren_720s_gt3_evo
McLaren Racing,GT3_Gen2,McLaren 720S GT3 Evo,McLaren 720S GT3 Evo #32,"World Endurance Championship, Intercontinental GT Challenge, GT World Challenge Europe, GT World Challenge Sprint",54,mclaren_720s_gt3_evo
McLaren Racing,F-Ultimate_Gen2,Formula Ultimate Hybrid Gen3,McLean G.P. #22,Formula 1,63,formula_ultimate_2024
McLaren Racing,F-Ultimate_Gen2,Formula Ultimate Hybrid Gen3,McLean G.P. #32,Formula 1,64,formula_ultimate_2024
McLaren Racing,F-Reiza,Formula V8 Gen3,McLean G.P. #16,"Formula 2, Indy NXT",65,formula_reiza
McLaren Racing,F-Reiza,Formula V8 Gen3,McLean G.P. #17,"Formula 2, Indy NXT",66,formula_reiza
McLaren Racing,F-3,Dallara F309,HighSport Racing #84,"Formula 3, USF Pro 2000",66,f309
McLaren Racing,F-3,Dallara F309,Index Racing #3 - E.Lima Skin,"Formula 3, USF Pro 2000",51,f309
McLaren Racing,F-USA_2023,Formula USA 2023,F-USA 2023 #03,NTT IndyCar,54,formula_usa_2023
McLaren Racing,F-USA_2023,Formula USA 2023,F-USA 2023 #24,NTT IndyCar,73,formula_usa_2023
McLaren Racing,F-USA_2023,Formula USA 2023,F-USA 2023 #08,NTT IndyCar,59,formula_usa_2023
McLaren Racing,F-Inter,Formula Inter MG-15,F.Inter MG-15 #13,USF2000,61,formula_inter
McLaren Racing,F-Inter,Formula Inter MG-15,F.Inter MG-15 #18,USF2000,62,formula_inter
McLaren Racing,F-Trainer_A,Formula Trainer Advanced,Formula Trainer Advance #10,USF Junior,60,formula_trainer_d
McLaren Racing,F-Trainer_A,Formula Trainer Advanced,Formula Trainer Advance #11,USF Junior,61,formula_trainer_d
Mercedes-AMG,F-Ultimate_Gen2,Formula Ultimate Hybrid Gen3,Starward G.P. #18,Formula 1,60,formula_ultimate_2024
Mercedes-AMG,F-Ultimate_Gen2,Formula Ultimate Hybrid Gen3,Starward G.P. #9,Formula 1,59,formula_ultimate_2024
Mercedes-AMG,F-Reiza,Formula V8 Gen3,Starward G.P. #18,Formula 2,67,formula_reiza
Mercedes-AMG,F-Reiza,Formula V8 Gen3,Starward G.P. #19,Formula 2,68,formula_reiza
Mercedes-AMG,F-3,Dallara F309,Cesare Racing #5,Formula 3,52,f309
Mercedes-AMG,F-3,Dallara F309,Formula Sport #8,Formula 3,55,f309
Meridian Cup Racing,MiniChallenge,MINI Cooper JCW,MINI Cooper JCW #97,Mini Challenge,73,mini_cooper
Meridian Cup Racing,MiniChallenge,MINI Cooper JCW,MINI Cooper JCW #99,Mini Challenge,74,mini_cooper
Meridian Cup Racing,G40Cup,Ginetta G40 Cup,Ginetta G40 Cup #53,Ginetta Junior Championship UK,67,ginetta_g40_cup
Meridian Cup Racing,G40Cup,Ginetta G40 Cup,Ginetta G40 Cup #58,Ginetta Junior Championship UK,68,ginetta_g40_cup
Meridian Cup Racing,GT1_05,Dodge Viper GTS-R,Dodge Viper GTS-R #3,GT Revival Series,51,dodge_viper_gts_r
Meridian Cup Racing,GT1_05,Dodge Viper GTS-R,Dodge Viper GTS-R #9,GT Revival Series,52,dodge_viper_gts_r
Meyer Shank Racing,F-USA_2023,Formula USA 2023,F-USA 2023 #51,NTT IndyCar,77,formula_usa_2023
Meyer Shank Racing,F-USA_2023,Formula USA 2023,F-USA 2023 #21,NTT IndyCar,70,formula_usa_2023
Meyer Shank Racing,F-USA_2023,Formula USA 2023,F-USA 2023 #22,NTT IndyCar,71,formula_usa_2023
Meyer Shank Racing,F-Reiza,Formula V8 Gen3,Reizoil G.P. #24,Indy NXT,73,formula_reiza
Meyer Shank Racing,F-Reiza,Formula V8 Gen3,Reizoil G.P. #25,Indy NXT,74,formula_reiza
Nexus Prototype Racing,GT3_Gen2,Lamborghini Huracan GT3 EVO2,Lamborghini Huracan GT3 EVO2 #78 (IMSA 2024),"Intercontinental GT Challenge, GT World Challenge America",54,lamborghini_huracan_gt3_evo2
Nexus Prototype Racing,GT3_Gen2,Lamborghini Huracan GT3 EVO2,Lamborghini Huracan GT3 EVO2 #19 (IMSA 2024),"Intercontinental GT Challenge, GT World Challenge America",51,lamborghini_huracan_gt3_evo2
Nexus Prototype Racing,LMDh,Lamborghini SC63,Lamborghini SC63 #63 (IMSA 2024),IMSA WeatherTech SportsCar Championship,51,lamborghini_sc63
Nexus Prototype Racing,LMDh,Lamborghini SC63,Lamborghini SC63 #64,IMSA WeatherTech SportsCar Championship,52,lamborghini_sc63
Nexus Prototype Racing,LMP2,Ligier JS P217,Ligier JS P217 #61,IMSA WeatherTech SportsCar Championship,58,ligier_js_p217
Nexus Prototype Racing,LMP2,Oreca 07,Oreca 07 #52 (IMSA 2024),IMSA WeatherTech SportsCar Championship,58,oreca_07
Nexus Prototype Racing,P1Gen2,Sigma P1 G5,Sigma P1 G5 #5,IMSA VP Racing SportsCar Challenge,52,sigma_p1_g5
Nexus Prototype Racing,P1Gen2,Sigma P1 G5,Sigma P1 G5 #85,IMSA VP Racing SportsCar Challenge,54,sigma_p1_g5
Nexus Prototype Racing,P4,MCR S2000,MCR S2000 #42 - S.de Boer Skin,Radical Cup North America,77,mcr2000
Nexus Prototype Racing,P4,MCR S2000,MCR S2000 #8,Radical Cup North America,56,mcr2000
Nordic Speed Academy,F-Inter,Formula Inter MG-15,F.Inter MG-15 #13,FRECA,61,formula_inter
Nordic Speed Academy,F-Inter,Formula Inter MG-15,F.Inter MG-15 #18,FRECA,62,formula_inter
Nordic Speed Academy,F-Trainer_A,Formula Trainer Advanced,Formula Trainer Advance #10,"Formula 4 UK, Formula 4 Northern Europe, Formula 4 Southern Europe",60,formula_trainer_d
Nordic Speed Academy,F-Trainer_A,Formula Trainer Advanced,Formula Trainer Advance #11,"Formula 4 UK, Formula 4 Northern Europe, Formula 4 Southern Europe",61,formula_trainer_d
Nordic Speed Academy,F-Trainer,Formula Trainer,Formula Trainer #13,National Formula Ford Championship,63,formula_trainer
Nordic Speed Academy,F-Trainer,Formula Trainer,Formula Trainer #14,National Formula Ford Championship,64,formula_trainer
Nova Aero,GT3_Gen2,McLaren 720S GT3 Evo,McLaren 720S GT3 Evo #9 (IMSA 2024),"IMSA WeatherTech SportsCar Championship, British GT Championship, GT World Challenge America",51,mclaren_720s_gt3_evo
Nova Aero,GT3_Gen2,BMW M4 GT3,BMW M4 GT3 #10,"IMSA WeatherTech SportsCar Championship, British GT Championship, GT World Challenge America",55,bmw_m4_gt3
Nova Aero,GT4,Aston Martin Vantage GT4 Evo,AMR Vantage GT4 Evo #301,IMSA Michelin Pilot Challenge,51,aston_martin_vantage_gt4_evo
Nova Aero,GT4,Aston Martin Vantage GT4 Evo,AMR Vantage GT4 Evo #302,IMSA Michelin Pilot Challenge,52,aston_martin_vantage_gt4_evo
Nova Aero,P1Gen2,Ginetta G58 Gen2,Ginetta G58 Gen2 #20,IMSA VP Racing SportsCar Challenge,52,ginetta_g58_gen2
Nova Aero,P1Gen2,Ginetta G58 Gen2,Ginetta G58 Gen2 #21,IMSA VP Racing SportsCar Challenge,53,ginetta_g58_gen2
Nova Aero,P4,MCR S2000,MCR S2000 #11,Radical Cup North America,59,mcr2000
Nova Aero,P4,MCR S2000,MCR S2000 #12,Radical Cup North America,60,mcr2000
Olympus Euro-Racing,F-Trainer_A,Formula Trainer Advanced,Formula Trainer Advance #4,"Formula 4 UK, Formula 4 Northern Europe, Formula 4 Southern Europe",54,formula_trainer_d
Olympus Euro-Racing,F-Trainer_A,Formula Trainer Advanced,Formula Trainer Advance #5,"Formula 4 UK, Formula 4 Northern Europe, Formula 4 Southern Europe",55,formula_trainer_d
Olympus Euro-Racing,F-Trainer,Formula Trainer,Formula Trainer #4,National Formula Ford Championship,54,formula_trainer
Olympus Euro-Racing,F-Trainer,Formula Trainer,Formula Trainer #5,National Formula Ford Championship,55,formula_trainer
Olympus Euro-Racing,F-Vee_Gen2,Formula Vee Gen2,Jairo Rozenblit #18,"Formula Vee UK, Formula Vee Germany",56,formula_vee_gen2
Olympus Euro-Racing,F-Vee_Gen2,Formula Vee Gen2,Joao Dante #128,"Formula Vee UK, Formula Vee Germany",65,formula_vee_gen2
Orion Automotive,GT3_Gen2,BMW M4 GT3,BMW M4 GT3 #7,"Intercontinental GT Challenge, GT World Challenge America",54,bmw_m4_gt3
Orion Automotive,GT3_Gen2,Mercedes-AMG GT3 Evo,Mercedes-AMG GT3 Evo #80 (IMSA 2024),"Intercontinental GT Challenge, GT World Challenge America",54,mercedes_amg_gt3_evo
Orion Automotive,LMDh,BMW M Hybrid V8,BMW M Hybrid V8 #24 (IMSA 2024),IMSA WeatherTech SportsCar Championship,51,bmw_m_hybrid_v8
Orion Automotive,LMDh,BMW M Hybrid V8,BMW M Hybrid V8 #25 (IMSA 2024),IMSA WeatherTech SportsCar Championship,52,bmw_m_hybrid_v8
Orion Automotive,LMP2,Oreca 07,Oreca 07 #04 (IMSA 2024),IMSA WeatherTech SportsCar Championship,52,oreca_07
Orion Automotive,LMP2,Ligier JS P217,Ligier JS P217 #44,IMSA WeatherTech SportsCar Championship,56,ligier_js_p217
Orion Automotive,P1Gen2,MetalMoro AJR Gen2 Chevrolet,MM AJR Chev Gen2 #55,IMSA VP Racing SportsCar Challenge,52,metalmoro_ajr_gen2
Orion Automotive,P1Gen2,MetalMoro AJR Gen2 Chevrolet,MM AJR Chev Gen2 #232,IMSA VP Racing SportsCar Challenge,54,metalmoro_ajr_gen2
Orion Automotive,Super Trofeo,Lamborghini Huracan Super Trofeo EVO2,Lamborghini Huracan Super Trofeo EVO2 #86,Lamborghini Super Trofeo North America,73,lamborghini_huracan_supertrofeo_evo2
Orion Automotive,Super Trofeo,Lamborghini Huracan Super Trofeo EVO2,Lamborghini Huracan Super Trofeo EVO2 #88,Lamborghini Super Trofeo North America,74,lamborghini_huracan_supertrofeo_evo2
Orion Automotive,P4,MCR S2000,MCR S2000 #5,Radical Cup North America,54,mcr2000
Orion Automotive,P4,MCR S2000,MCR S2000 #6,Radical Cup North America,55,mcr2000
Palmetto State Racing,G40Cup,Ginetta G40 Cup,Ginetta G40 Cup #02,Ginetta Junior Championship North America,52,ginetta_g40_cup
Palmetto State Racing,G40Cup,Ginetta G40 Cup,Ginetta G40 Cup #05,Ginetta Junior Championship North America,53,ginetta_g40_cup
Palmetto State Racing,P4,MCR S2000,MCR S2000 #25,Radical Cup North America,70,mcr2000
Palmetto State Racing,P4,MCR S2000,MCR S2000 #26,Radical Cup North America,71,mcr2000
Pannonian Speed Group,F-Trainer_A,Formula Trainer Advanced,Formula Trainer Advance #8,"Formula 4 UK, Formula 4 Northern Europe, Formula 4 Southern Europe",58,formula_trainer_d
Pannonian Speed Group,F-Trainer_A,Formula Trainer Advanced,Formula Trainer Advance #9,"Formula 4 UK, Formula 4 Northern Europe, Formula 4 Southern Europe",59,formula_trainer_d
Pannonian Speed Group,F-Trainer,Formula Trainer,Formula Trainer #8,National Formula Ford Championship,58,formula_trainer
Pannonian Speed Group,F-Trainer,Formula Trainer,Formula Trainer #9,National Formula Ford Championship,59,formula_trainer
Pannonian Speed Group,F-Vee_Gen2,Formula Vee Gen2,Joao Ramalho #1,"Formula Vee UK, Formula Vee Germany",52,formula_vee_gen2
Pannonian Speed Group,F-Vee_Gen2,Formula Vee Gen2,Kleber Rocha #00,"Formula Vee UK, Formula Vee Germany",51,formula_vee_gen2
Pendle Hill Motorsport,Carrera Cup,Porsche 911 GT3 Cup 3.8,Porsche 911 GT3 Cup 3.8 #96,Porsche Carrera Cup UK,60,porsche_991_gt3
Pendle Hill Motorsport,Carrera Cup,Porsche 911 GT3 Cup 3.8,Porsche 911 GT3 Cup 3.8 #97,Porsche Carrera Cup UK,61,porsche_991_gt3
Pendle Hill Motorsport,MiniChallenge,MINI Cooper JCW,MINI Cooper JCW #22,Mini Challenge,61,mini_cooper
Pendle Hill Motorsport,MiniChallenge,MINI Cooper JCW,MINI Cooper JCW #26,Mini Challenge,62,mini_cooper
Pendle Hill Motorsport,G40Cup,Ginetta G40 Cup,Ginetta G40 Cup #27,Ginetta Junior Championship UK,59,ginetta_g40_cup
Pendle Hill Motorsport,G40Cup,Ginetta G40 Cup,Ginetta G40 Cup #28,Ginetta Junior Championship UK,60,ginetta_g40_cup
Pendle Hill Motorsport,GT1_05,Maserati MC12 GT1,Maserati MC12 GT1 #61,GT Revival Series,53,maserati_mc12_gt1
Pendle Hill Motorsport,GT1_05,Maserati MC12 GT1,Maserati MC12 GT1 #66,GT Revival Series,54,maserati_mc12_gt1
Prema Racing,F-USA_2023,Formula USA 2023,F-USA 2023 #85,NTT IndyCar,81,formula_usa_2023
Prema Racing,F-USA_2023,Formula USA 2023,F-USA 2023 #04,NTT IndyCar,55,formula_usa_2023
Prema Racing,F-Reiza,Formula V8 Gen3,Team Hornsey #7,"Indy NXT, Formula 2",57,formula_reiza
Prema Racing,F-Reiza,Formula V8 Gen3,Team Hornsey #8,"Indy NXT, Formula 2",58,formula_reiza
Prema Racing,F-3,Dallara F301,Furio Racing #17,"USF Pro 2000, Formula 3",53,f301
Prema Racing,F-3,Dallara F301,Furio Racing #26,"USF Pro 2000, Formula 3",54,f301
Prema Racing,F-Inter,Formula Inter MG-15,F.Inter MG-15 #19,USF2000,63,formula_inter
Prema Racing,F-Inter,Formula Inter MG-15,F.Inter MG-15 #2,USF2000,54,formula_inter
Prema Racing,F-Trainer_A,Formula Trainer Advanced,Formula Trainer Advance #12,USF Junior,62,formula_trainer_d
Prema Racing,F-Trainer_A,Formula Trainer Advanced,Formula Trainer Advance #13,USF Junior,63,formula_trainer_d
Prema Racing,GT3_Gen2,Aston Martin Vantage GT3 Evo,AMR Vantage GT3 Evo #98,"Intercontinental GT Challenge, GT World Challenge Europe, GT World Challenge America, GT World Challenge Sprint",57,aston_martin_vantage_gt3_evo
Prema Racing,GT3_Gen2,Aston Martin Vantage GT3 Evo,AMR Vantage GT3 Evo #999,"Intercontinental GT Challenge, GT World Challenge Europe, GT World Challenge America, GT World Challenge Sprint",58,aston_martin_vantage_gt3_evo
Racing Bulls,F-Ultimate_Gen2,Formula Ultimate Hybrid Gen3,energyX Faenza #60,Formula 1,69,formula_ultimate_2024
Racing Bulls,F-Ultimate_Gen2,Formula Ultimate Hybrid Gen3,energyX Faenza #98,Formula 1,70,formula_ultimate_2024
Racing Bulls,F-Reiza,Formula V8 Gen3,energyX Faenza #5,Formula 2,55,formula_reiza
Racing Bulls,F-Reiza,Formula V8 Gen3,energyX Faenza #6,Formula 2,56,formula_reiza
Racing Bulls,F-3,Dallara F309,Tibex Motorsport #31,Formula 3,61,f309
Racing Bulls,F-3,Dallara F309,V-Room Racing #25,Formula 3,60,f309
Rahal Letterman Lanigan Racing,F-USA_2023,Formula USA 2023,F-USA 2023 #02,NTT IndyCar,53,formula_usa_2023
Rahal Letterman Lanigan Racing,F-USA_2023,Formula USA 2023,F-USA 2023 #07,NTT IndyCar,58,formula_usa_2023
Rahal Letterman Lanigan Racing,F-USA_2023,Formula USA 2023,F-USA 2023 #92,NTT IndyCar,82,formula_usa_2023
Rahal Letterman Lanigan Racing,F-Reiza,Formula V8 Gen3,energyX Racing #20,Indy NXT,69,formula_reiza
Rahal Letterman Lanigan Racing,F-Reiza,Formula V8 Gen3,energyX Racing #21,Indy NXT,70,formula_reiza
Rahal Letterman Lanigan Racing,F-Inter,Formula Inter MG-15,F.Inter MG-15 #3a,USF2000,51,formula_inter
Rahal Letterman Lanigan Racing,F-Inter,Formula Inter MG-15,F.Inter MG-15 #3b,USF2000,55,formula_inter
Red Bull Racing,F-Ultimate_Gen2,Formula Ultimate Hybrid Gen3,energyX Racing #1,Formula 1,51,formula_ultimate_2024
Red Bull Racing,F-Ultimate_Gen2,Formula Ultimate Hybrid Gen3,energyX Racing #6,Formula 1,52,formula_ultimate_2024
Red Bull Racing,F-Reiza,Formula V8 Gen3,energyX Racing #20,Formula 2,69,formula_reiza
Red Bull Racing,F-Reiza,Formula V8 Gen3,energyX Racing #21,Formula 2,70,formula_reiza
Red Bull Racing,F-3,Dallara F309,BR Motorsport #9,Formula 3,56,f309
Red Bull Racing,F-3,Dallara F309,Carbone G.P. #13,Formula 3,57,f309
Reinhardt Rennsport,F-3,Dallara F301,Gordini G.P. #27,Formula 3,55,f301
Reinhardt Rennsport,F-3,Dallara F301,Gordini G.P. #28,Formula 3,56,f301
Reinhardt Rennsport,F-Inter,Formula Inter MG-15,F.Inter MG-15 #20,FRECA,64,formula_inter
Reinhardt Rennsport,F-Inter,Formula Inter MG-15,F.Inter MG-15 #31,FRECA,65,formula_inter
Reinhardt Rennsport,F-Trainer_A,Formula Trainer Advanced,Formula Trainer Advance #14,"Formula 4 UK, Formula 4 Northern Europe, Formula 4 Southern Europe",64,formula_trainer_d
Reinhardt Rennsport,F-Trainer_A,Formula Trainer Advanced,Formula Trainer Advance #15,"Formula 4 UK, Formula 4 Northern Europe, Formula 4 Southern Europe",65,formula_trainer_d
Reinhardt Rennsport,F-Trainer,Formula Trainer,Formula Trainer #17,National Formula Ford Championship,67,formula_trainer
Reinhardt Rennsport,F-Trainer,Formula Trainer,Formula Trainer #18,National Formula Ford Championship,68,formula_trainer
Rennsport Global Division,Carrera Cup,Porsche 911 GT3 Cup 3.8,Porsche 911 GT3 Cup 3.8 #55,"Porsche Carrera Supercup, Porsche Carrera Cup UK, Porsche Carrera Cup North America",56,porsche_991_gt3
Rennsport Global Division,Carrera Cup,Porsche 911 GT3 Cup 4.0,Porsche 911 GT3 Cup 4.0 #94,"Porsche Carrera Supercup, Porsche Carrera Cup UK, Porsche Carrera Cup North America",60,porsche_991_gt3_2
Rennsport Global Division,GT4,Porsche Cayman GT4 Clubsport MR,Porsche Cayman GT4 CS MR #100,"IMSA Michelin Pilot Challenge, IMSA VP Racing SportsCar Challenge, British GT Championship",51,porsche_cayman_gt4cs
Rennsport Global Division,GT4,Porsche Cayman GT4 Clubsport MR,Porsche Cayman GT4 CS MR #101,"IMSA Michelin Pilot Challenge, IMSA VP Racing SportsCar Challenge, British GT Championship",52,porsche_cayman_gt4cs
Rennsport Global Division,LMDh,Porsche 963,Porsche 963 #7 (IMSA 2024),World Endurance Championship,53,porsche_963_gtp
Rennsport Global Division,LMDh,Porsche 963,Porsche 963 #85 (IMSA 2024),World Endurance Championship,54,porsche_963_gtp
Rennsport Global Division,GT3_Gen2,Porsche 992 GT3 R,Porsche 992 GT3 R #77 (IMSA 2024),"World Endurance Championship, Intercontinental GT Challenge, GT World Challenge Europe, Nürburgring Langstrecken-Serie",52,porsche_992_gt3r
Rennsport Global Division,GT3_Gen2,Porsche 992 GT3 R,Porsche 992 GT3 R #92 (IMSA 2024),"World Endurance Championship, Intercontinental GT Challenge, GT World Challenge Europe, Nürburgring Langstrecken-Serie",54,porsche_992_gt3r
Rennsport Global Division,GT4,Porsche Cayman GT4 Clubsport MR,Porsche Cayman GT4 CS MR #102,Nürburgring Langstrecken-Serie,53,porsche_cayman_gt4cs
Rennsport Global Division,GT4,Porsche Cayman GT4 Clubsport MR,Porsche Cayman GT4 CS MR #104,Nürburgring Langstrecken-Serie,54,porsche_cayman_gt4cs
Sawgrass Performance Group,F-Trainer_A,Formula Trainer Advanced,Formula Trainer Advance #4,USF Junior,54,formula_trainer_d
Sawgrass Performance Group,F-Trainer_A,Formula Trainer Advanced,Formula Trainer Advance #5,USF Junior,55,formula_trainer_d
Sawgrass Performance Group,F-Trainer,Formula Trainer,Formula Trainer #13,F1600,63,formula_trainer
Sawgrass Performance Group,F-Trainer,Formula Trainer,Formula Trainer #14,F1600,64,formula_trainer
Sawgrass Performance Group,F-Vee_Gen2,Formula Vee Gen2,Marcelo Medici #33,Formula Vee North America,59,formula_vee_gen2
Sawgrass Performance Group,F-Vee_Gen2,Formula Vee Gen2,Ollie Paludo #777,Formula Vee North America,66,formula_vee_gen2
Schwarzwald Racing Group,Carrera Cup,Porsche 911 GT3 Cup 3.8,Porsche 911 GT3 Cup 3.8 #911,"Porsche Carrera Supercup, Porsche Carrera Cup North America",51,porsche_991_gt3
Schwarzwald Racing Group,Carrera Cup,Porsche 911 GT3 Cup 4.0,Porsche 911 GT3 Cup 4.0 #911,"Porsche Carrera Supercup, Porsche Carrera Cup North America",51,porsche_991_gt3_2
Schwarzwald Racing Group,GT3_Gen2,Audi R8 LMS GT3 evo II,Audi R8 LMS GT3 evo II #87,"GT World Challenge Europe, GT World Challenge Sprint, Nürburgring Langstrecken-Serie",54,audi_r8_lms_gt3_evo2
Schwarzwald Racing Group,GT3_Gen2,Audi R8 LMS GT3 evo II,Audi R8 LMS GT3 evo II #28,"GT World Challenge Europe, GT World Challenge Sprint, Nürburgring Langstrecken-Serie",52,audi_r8_lms_gt3_evo2
Schwarzwald Racing Group,GT4,Audi R8 LMS GT4,Audi R8 LMS GT4 #15,Nürburgring Langstrecken-Serie,53,audi_r8_lms_gt4
Schwarzwald Racing Group,GT4,Audi R8 LMS GT4,Audi R8 LMS GT4 #24,Nürburgring Langstrecken-Serie,55,audi_r8_lms_gt4
Schwarzwald Racing Group,GT4,Audi R8 LMS GT4,Audi R8 LMS GT4 #20,"IMSA VP Racing SportsCar Challenge, British GT Championship",54,audi_r8_lms_gt4
Schwarzwald Racing Group,GT4,Audi R8 LMS GT4,Audi R8 LMS GT4 #24,"IMSA VP Racing SportsCar Challenge, British GT Championship",55,audi_r8_lms_gt4
Schwarzwald Racing Group,GT1_05,Chevrolet Corvette C5-R,Chevrolet Corvette C5-R #7,GT Revival Series,53,corvette_c5r
Schwarzwald Racing Group,GT1_05,Chevrolet Corvette C5-R,Chevrolet Corvette C5-R #50,GT Revival Series,54,corvette_c5r
Scuderia Corsa International,GT2_05,Milano GT36,Milano GT36 #00,"Ferrari Challenge North America, Ferrari Challenge Europe",62,milano_gt36
Scuderia Corsa International,GT3_Gen2,Lamborghini Huracan GT3 EVO2,Lamborghini Huracan GT3 EVO2 #19 (IMSA 2024),"GT World Challenge Europe, GT World Challenge Sprint, Nürburgring Langstrecken-Serie",51,lamborghini_huracan_gt3_evo2
Scuderia Corsa International,GT3_Gen2,Lamborghini Huracan GT3 EVO2,Lamborghini Huracan GT3 EVO2 #78 (IMSA 2024),"GT World Challenge Europe, GT World Challenge Sprint, Nürburgring Langstrecken-Serie",54,lamborghini_huracan_gt3_evo2
Scuderia Corsa International,GT4,Aston Martin Vantage GT4 Evo,AMR Vantage GT4 Evo #301,Nürburgring Langstrecken-Serie,51,aston_martin_vantage_gt4_evo
Scuderia Corsa International,GT4,Aston Martin Vantage GT4 Evo,AMR Vantage GT4 Evo #302,Nürburgring Langstrecken-Serie,52,aston_martin_vantage_gt4_evo
Scuderia Corsa International,GT2_05,Milano GT36,Milano GT36 #12,"Ferrari Challenge North America, Ferrari Challenge Europe",51,milano_gt36
Scuderia Corsa International,Super Trofeo,Lamborghini Huracan Super Trofeo EVO2,Lamborghini Huracan Super Trofeo EVO2 #1,"Lamborghini Super Trofeo North America, Lamborghini Super Trofeo Europe",51,lamborghini_huracan_supertrofeo_evo2
Scuderia Corsa International,Super Trofeo,Lamborghini Huracan Super Trofeo EVO2,Lamborghini Huracan Super Trofeo EVO2 #4,"Lamborghini Super Trofeo North America, Lamborghini Super Trofeo Europe",52,lamborghini_huracan_supertrofeo_evo2
Scuderia Corsa International,GT1_05,Maserati MC12 GT1,Maserati MC12 GT1 #72,GT Revival Series,55,maserati_mc12_gt1
Scuderia Corsa International,GT1_05,Maserati MC12 GT1,Maserati MC12 GT1 #86,GT Revival Series,56,maserati_mc12_gt1
Scuderia Ferrari,F-Ultimate_Gen2,Formula Ultimate Hybrid Gen3,Scuderia Forza #45,Formula 1,67,formula_ultimate_2024
Scuderia Ferrari,F-Ultimate_Gen2,Formula Ultimate Hybrid Gen3,Scuderia Forza #72,Formula 1,68,formula_ultimate_2024
Scuderia Ferrari,F-Reiza,Formula V8 Gen3,Scuderia Forza #3,Formula 2,53,formula_reiza
Scuderia Ferrari,F-Reiza,Formula V8 Gen3,Scuderia Forza #4,Formula 2,54,formula_reiza
Scuderia Ferrari,F-3,Dallara F309,Granado Racing #59,Formula 3,64,f309
Scuderia Ferrari,F-3,Dallara F309,GRNDWRK Racing #18 - R.Souza Skin,Formula 3,59,f309
Scuderia Valeriani,F-Inter,Formula Inter MG-15,F.Inter MG-15 #11,FRECA,59,formula_inter
Scuderia Valeriani,F-Inter,Formula Inter MG-15,F.Inter MG-15 #12,FRECA,60,formula_inter
Scuderia Valeriani,F-Trainer_A,Formula Trainer Advanced,Formula Trainer A #23 - N.Otten Skin,"Formula 4 UK, Formula 4 Northern Europe, Formula 4 Southern Europe",73,formula_trainer_d
Scuderia Valeriani,F-Trainer_A,Formula Trainer Advanced,Formula Trainer Advance #1,"Formula 4 UK, Formula 4 Northern Europe, Formula 4 Southern Europe",51,formula_trainer_d
Scuderia Valeriani,F-Trainer,Formula Trainer,Formula Trainer #11,National Formula Ford Championship,61,formula_trainer
Scuderia Valeriani,F-Trainer,Formula Trainer,Formula Trainer #12,National Formula Ford Championship,62,formula_trainer
Scuderia Valeriani,F-Vee_Gen2,Formula Vee Gen2,Levi Simoes #44,"Formula Vee UK, Formula Vee Germany",61,formula_vee_gen2
Scuderia Valeriani,F-Vee_Gen2,Formula Vee Gen2,Lucas Veloso #999,"Formula Vee UK, Formula Vee Germany",67,formula_vee_gen2
Solari Motorworks,LMP2,Oreca 07,Oreca 07 #11 (IMSA 2024),IMSA WeatherTech SportsCar Championship,54,oreca_07
Solari Motorworks,LMP2,Oreca 07,Oreca 07 #2 (IMSA 2024),IMSA WeatherTech SportsCar Championship,51,oreca_07
Solari Motorworks,GT4,Chevrolet Camaro GT4.R,Camaro GT4.R #49,IMSA Michelin Pilot Challenge,51,camaro_gt4r
Solari Motorworks,GT4,Chevrolet Camaro GT4.R,Camaro GT4.R #53,IMSA Michelin Pilot Challenge,52,camaro_gt4r
Solari Motorworks,P1Gen2,Ligier JS P320,Ligier JS P320 #15,IMSA VP Racing SportsCar Challenge,53,ligier_js_p320
Solari Motorworks,P1Gen2,Ligier JS P320,Ligier JS P320 #33,IMSA VP Racing SportsCar Challenge,54,ligier_js_p320
Solari Motorworks,P4,MCR S2000,MCR S2000 #1,Radical Cup North America,51,mcr2000
Solari Motorworks,P4,MCR S2000,MCR S2000 #27 - A.Tobin Skin,Radical Cup North America,72,mcr2000
Solari Motorworks,GT3_Gen2,Chevrolet Corvette Z06 GT3.R,Chevrolet Corvette Z06 GT3.R #4 (IMSA 2024),"GT World Challenge America, IMSA WeatherTech SportsCar Championship",52,corvette_z06_gt3r
Solari Motorworks,GT3_Gen2,Audi R8 LMS GT3 evo II,Audi R8 LMS GT3 evo II #87,"GT World Challenge America, IMSA WeatherTech SportsCar Championship",54,audi_r8_lms_gt3_evo2
Sovereign GT Stable,LMP2_Gen1,Ligier JS P217,Ligier JS P217 #45,European Le Mans Series,53,ligier_js_p217
Sovereign GT Stable,LMDh,Alpine A424,Alpine A424 #38,World Endurance Championship,53,alpine_a424
Sovereign GT Stable,LMDh,Alpine A424,Alpine A424 #39,World Endurance Championship,54,alpine_a424
Sovereign GT Stable,GT3_Gen2,Mercedes-AMG GT3 Evo,Mercedes-AMG GT3 Evo #01,"World Endurance Championship, Intercontinental GT Challenge, GT World Challenge Europe, Nürburgring Langstrecken-Serie",55,mercedes_amg_gt3_evo
Sovereign GT Stable,GT3_Gen2,Mercedes-AMG GT3 Evo,Mercedes-AMG GT3 Evo #70,"World Endurance Championship, Intercontinental GT Challenge, GT World Challenge Europe, Nürburgring Langstrecken-Serie",56,mercedes_amg_gt3_evo
Sovereign GT Stable,GT4,Mercedes-AMG GT4,Mercedes-AMG GT4 #31,Nürburgring Langstrecken-Serie,51,mercedes_amg_gt4
Sovereign GT Stable,GT4,Mercedes-AMG GT4,Mercedes-AMG GT4 #33,Nürburgring Langstrecken-Serie,52,mercedes_amg_gt4
Sovereign GT Stable,GT3,Mercedes-AMG GT3,Mercedes-AMG GT3 #01,"European Le Mans Series, Michelin Le Mans Cup",51,mercedes_amg_gt3
Sovereign GT Stable,GT3,Mercedes-AMG GT3,Mercedes-AMG GT3 #09,"European Le Mans Series, Michelin Le Mans Cup",52,mercedes_amg_gt3
Sovereign GT Stable,G40Cup,Ginetta G40 Cup,Ginetta G40 Cup #27,Ginetta Junior Championship Europe,59,ginetta_g40_cup
Sovereign GT Stable,G40Cup,Ginetta G40 Cup,Ginetta G40 Cup #28,Ginetta Junior Championship Europe,60,ginetta_g40_cup
Sovereign GT Stable,P4,MCR S2000,MCR S2000 #13,Radical Cup Europe,61,mcr2000
Sovereign GT Stable,P4,MCR S2000,MCR S2000 #14,Radical Cup Europe,62,mcr2000
Sovereign GT Stable,GT1_05,Dodge Viper GTS-R,Dodge Viper GTS-R #12,GT Revival Series,53,dodge_viper_gts_r
Sovereign GT Stable,GT1_05,Dodge Viper GTS-R,Dodge Viper GTS-R #32,GT Revival Series,54,dodge_viper_gts_r
Sovereign GT Stable,P1Gen2,MetalMoro AJR Gen2 Honda,MM AJR Honda Gen2 #30,European Le Mans Series,53,metalmoro_ajr_gen2
Sovereign GT Stable,P1Gen2,MetalMoro AJR Gen2 Honda,MM AJR Honda Gen2 #52,European Le Mans Series,54,metalmoro_ajr_gen2
Sterling Performance Group,GT3_Gen2,Audi R8 LMS GT3 evo II,Audi R8 LMS GT3 evo II #99,"British GT Championship, GT World Challenge Europe, Nürburgring Langstrecken-Serie",55,audi_r8_lms_gt3_evo2
Sterling Performance Group,GT3_Gen2,Audi R8 LMS GT3 evo II,Audi R8 LMS GT3 evo II #181,"British GT Championship, GT World Challenge Europe, Nürburgring Langstrecken-Serie",56,audi_r8_lms_gt3_evo2
Sterling Performance Group,GT4,Ginetta G55 GT4,Ginetta G55 GT4 #13,Nürburgring Langstrecken-Serie,52,ginetta_g55_gt4_2
Sterling Performance Group,GT4,Ginetta G55 GT4,Ginetta G55 GT4 #19,Nürburgring Langstrecken-Serie,53,ginetta_g55_gt4_2
Sterling Performance Group,Carrera Cup,Porsche 911 GT3 Cup 4.0,Porsche 911 GT3 Cup 4.0 #20,Porsche Carrera Cup UK,55,porsche_991_gt3_2
Sterling Performance Group,Carrera Cup,Porsche 911 GT3 Cup 4.0,Porsche 911 GT3 Cup 4.0 #29,Porsche Carrera Cup UK,56,porsche_991_gt3_2
Sterling Performance Group,MiniChallenge,MINI Cooper JCW,MINI Cooper JCW #15,"Mini Challenge, IMSA Michelin Pilot Challenge",59,mini_cooper
Sterling Performance Group,MiniChallenge,MINI Cooper JCW,MINI Cooper JCW #17,"Mini Challenge, IMSA Michelin Pilot Challenge",60,mini_cooper
Sterling Performance Group,G40Cup,Ginetta G40 Cup,Ginetta G40 Cup #22,Ginetta Junior Championship UK,57,ginetta_g40_cup
Sterling Performance Group,G40Cup,Ginetta G40 Cup,Ginetta G40 Cup #25,Ginetta Junior Championship UK,58,ginetta_g40_cup
Sterling Performance Group,GT1_05,Chevrolet Corvette C5-R,Chevrolet Corvette C5-R #63,GT Revival Series,55,corvette_c5r
Sterling Performance Group,GT1_05,Chevrolet Corvette C5-R,Chevrolet Corvette C5-R #70,GT Revival Series,56,corvette_c5r
Stuttgart Performance Engineering,GT3_Gen2,BMW M4 GT3,BMW M4 GT3 #7,"GT World Challenge Europe, Nürburgring Langstrecken-Serie",54,bmw_m4_gt3
Stuttgart Performance Engineering,GT3_Gen2,BMW M4 GT3,BMW M4 GT3 #96 (IMSA 2024),"GT World Challenge Europe, Nürburgring Langstrecken-Serie",53,bmw_m4_gt3
Stuttgart Performance Engineering,GT4,BMW M4 GT4,BMW M4 GT4 #1,Nürburgring Langstrecken-Serie,51,bmw_m4_gt4
Stuttgart Performance Engineering,GT4,BMW M4 GT4,BMW M4 GT4 #11,Nürburgring Langstrecken-Serie,56,bmw_m4_gt4
Stuttgart Performance Engineering,GT3_Gen2,Mercedes-AMG GT3 Evo,Mercedes-AMG GT3 Evo #57 (IMSA 2024),"GT World Challenge America, GT World Challenge Sprint",52,mercedes_amg_gt3_evo
Stuttgart Performance Engineering,GT3_Gen2,Mercedes-AMG GT3 Evo,Mercedes-AMG GT3 Evo #32 (IMSA 2024),"GT World Challenge America, GT World Challenge Sprint",51,mercedes_amg_gt3_evo
Stuttgart Performance Engineering,Carrera Cup,Porsche 911 GT3 Cup 4.0,Porsche 911 GT3 Cup 4.0 #4,"Porsche Carrera Supercup, Porsche Carrera Cup UK, Porsche Carrera Cup North America",53,porsche_991_gt3_2
Stuttgart Performance Engineering,Carrera Cup,Porsche 911 GT3 Cup 4.0,Porsche 911 GT3 Cup 4.0 #34,"Porsche Carrera Supercup, Porsche Carrera Cup UK, Porsche Carrera Cup North America",57,porsche_991_gt3_2
Stuttgart Performance Engineering,LMDh,Porsche 963,Porsche 963 #6 (IMSA 2024),IMSA WeatherTech SportsCar Championship,52,porsche_963_gtp
Stuttgart Performance Engineering,LMDh,Porsche 963,Porsche 963 #7 (IMSA 2024),IMSA WeatherTech SportsCar Championship,53,porsche_963_gtp
Stuttgart Performance Engineering,GT4,Mercedes-AMG GT4,Mercedes-AMG GT4 #31,"IMSA Michelin Pilot Challenge, British GT Championship",51,mercedes_amg_gt4
Stuttgart Performance Engineering,GT4,Mercedes-AMG GT4,Mercedes-AMG GT4 #33,"IMSA Michelin Pilot Challenge, British GT Championship",52,mercedes_amg_gt4
Stuttgart Performance Engineering,GT4,BMW M4 GT4,BMW M4 GT4 #1,IMSA VP Racing SportsCar Challenge,51,bmw_m4_gt4
Stuttgart Performance Engineering,GT4,BMW M4 GT4,BMW M4 GT4 #9,IMSA VP Racing SportsCar Challenge,54,bmw_m4_gt4
Summit Peak Motorsports,Carrera Cup,Porsche 911 GT3 Cup 3.8,Porsche 911 GT3 Cup 3.8 #96,"Porsche Carrera Supercup, Porsche Carrera Cup North America",60,porsche_991_gt3
Summit Peak Motorsports,Carrera Cup,Porsche 911 GT3 Cup 3.8,Porsche 911 GT3 Cup 3.8 #97,"Porsche Carrera Supercup, Porsche Carrera Cup North America",61,porsche_991_gt3
Summit Peak Motorsports,Super Trofeo,Lamborghini Huracan Super Trofeo EVO2,Lamborghini Huracan Super Trofeo EVO2 #65,Lamborghini Super Trofeo North America,69,lamborghini_huracan_supertrofeo_evo2
Summit Peak Motorsports,Super Trofeo,Lamborghini Huracan Super Trofeo EVO2,Lamborghini Huracan Super Trofeo EVO2 #66,Lamborghini Super Trofeo North America,70,lamborghini_huracan_supertrofeo_evo2
Summit Peak Motorsports,G40Cup,Ginetta G40 Cup,Ginetta G40 Cup #09,Ginetta Junior Championship North America,54,ginetta_g40_cup
Summit Peak Motorsports,G40Cup,Ginetta G40 Cup,Ginetta G40 Cup #10,Ginetta Junior Championship North America,55,ginetta_g40_cup
TCR,GT3_Gen2,Lamborghini Huracan GT3 EVO2,Lamborghini Huracan GT3 EVO2 #60 (IMSA 2024),British GT Championship,53,lamborghini_huracan_gt3_evo2
TCR,GT3_Gen2,Lamborghini Huracan GT3 EVO2,Lamborghini Huracan GT3 EVO2 #83 (IMSA 2024),British GT Championship,55,lamborghini_huracan_gt3_evo2
TCR,Carrera Cup,Porsche 911 GT3 Cup 3.8,Porsche 911 GT3 Cup 3.8 #98,Porsche Carrera Cup UK,62,porsche_991_gt3
TCR,Carrera Cup,Porsche 911 GT3 Cup 3.8,Porsche 911 GT3 Cup 3.8 #00,Porsche Carrera Cup UK,52,porsche_991_gt3
TCR,MiniChallenge,MINI Cooper JCW,MINI Cooper JCW #12,"Mini Challenge, IMSA Michelin Pilot Challenge",57,mini_cooper
TCR,MiniChallenge,MINI Cooper JCW,MINI Cooper JCW #14,"Mini Challenge, IMSA Michelin Pilot Challenge",58,mini_cooper
TCR,G40Cup,Ginetta G40 Cup,Ginetta G40 Cup #10,Ginetta Junior Championship UK,55,ginetta_g40_cup
TCR,G40Cup,Ginetta G40 Cup,Ginetta G40 Cup #17,Ginetta Junior Championship UK,56,ginetta_g40_cup
TCR,P4,MCR S2000,MCR S2000 #23,Radical Cup Europe,69,mcr2000
TCR,P4,MCR S2000,MCR S2000 #31,Radical Cup Europe,76,mcr2000
Team Penske,LMDh,Porsche 963,Porsche 963 #5 (IMSA 2024),World Endurance Championship,51,porsche_963_gtp
Team Penske,LMDh,Porsche 963,Porsche 963 #6 (IMSA 2024),World Endurance Championship,52,porsche_963_gtp
Team Penske,F-USA_2023,Formula USA 2023,F-USA 2023 #10,NTT IndyCar,61,formula_usa_2023
Team Penske,F-USA_2023,Formula USA 2023,F-USA 2023 #45,NTT IndyCar,76,formula_usa_2023
Team Penske,F-USA_2023,Formula USA 2023,F-USA 2023 #16,NTT IndyCar,67,formula_usa_2023
Team Penske,F-Reiza,Formula V8 Gen3,Cobra Force G.P. #14,Indy NXT,63,formula_reiza
Team Penske,F-Reiza,Formula V8 Gen3,Cobra Force G.P. #15,Indy NXT,64,formula_reiza
Team Penske,F-3,Dallara F309,BR Motorsport #9,USF Pro 2000,56,f309
Team Penske,F-3,Dallara F309,Carbone G.P. #13,USF Pro 2000,57,f309
Team Penske,F-Inter,Formula Inter MG-15,F.Inter MG-15 #00,USF2000,52,formula_inter
Team Penske,F-Inter,Formula Inter MG-15,F.Inter MG-15 #1,USF2000,53,formula_inter
Team Penske,F-Trainer_A,Formula Trainer Advanced,Formula Trainer A #21 - J.Ramos Skin,USF Junior,71,formula_trainer_d
Team Penske,F-Trainer_A,Formula Trainer Advanced,Formula Trainer A #22 - F.Scomasson Skin,USF Junior,72,formula_trainer_d
Team Penske,GT3_Gen2,Audi R8 LMS GT3 evo II,Audi R8 LMS GT3 evo II #99,"Intercontinental GT Challenge, GT World Challenge America",55,audi_r8_lms_gt3_evo2
Team Penske,GT3_Gen2,Audi R8 LMS GT3 evo II,Audi R8 LMS GT3 evo II #33,"Intercontinental GT Challenge, GT World Challenge America",53,audi_r8_lms_gt3_evo2
Thames Valley Preparations,F-Inter,Formula Inter MG-15,F.Inter MG-15 #4,FRECA,56,formula_inter
Thames Valley Preparations,F-Inter,Formula Inter MG-15,F.Inter MG-15 #42,FRECA,68,formula_inter
Thames Valley Preparations,F-Trainer_A,Formula Trainer Advanced,Formula Trainer Advance #2,"Formula 4 UK, Formula 4 Northern Europe, Formula 4 Southern Europe",52,formula_trainer_d
Thames Valley Preparations,F-Trainer_A,Formula Trainer Advanced,Formula Trainer Advance #20,"Formula 4 UK, Formula 4 Northern Europe, Formula 4 Southern Europe",70,formula_trainer_d
Thames Valley Preparations,F-Trainer,Formula Trainer,Formula Trainer #22 - F.Scomasson Skin,National Formula Ford Championship,72,formula_trainer
Thames Valley Preparations,F-Trainer,Formula Trainer,Formula Trainer #23 - N.Otten Skin,National Formula Ford Championship,73,formula_trainer
Thames Valley Preparations,F-Vee_Gen2,Formula Vee Gen2,Marcelo Medici #33,"Formula Vee UK, Formula Vee Germany",59,formula_vee_gen2
Thames Valley Preparations,F-Vee_Gen2,Formula Vee Gen2,Ollie Paludo #777,"Formula Vee UK, Formula Vee Germany",66,formula_vee_gen2
The 405 Garage,F-Trainer_A,Formula Trainer Advanced,Formula Trainer Advance #3,USF Junior,53,formula_trainer_d
The 405 Garage,F-Trainer_A,Formula Trainer Advanced,Formula Trainer Advance #33,USF Junior,77,formula_trainer_d
The 405 Garage,F-Trainer,Formula Trainer,Formula Trainer #15,F1600,65,formula_trainer
The 405 Garage,F-Trainer,Formula Trainer,Formula Trainer #16,F1600,66,formula_trainer
The 405 Garage,F-Vee_Gen2,Formula Vee Gen2,Vinicius Andrade #30,Formula Vee North America,58,formula_vee_gen2
The 405 Garage,F-Vee_Gen2,Formula Vee Gen2,Vinicius Vilela #82,Formula Vee North America,63,formula_vee_gen2
Titanium Endurance Racing,LMDh,Alpine A424,Alpine A424 #36,IMSA WeatherTech SportsCar Championship,51,alpine_a424
Titanium Endurance Racing,LMDh,Alpine A424,Alpine A424 #37,IMSA WeatherTech SportsCar Championship,52,alpine_a424
Titanium Endurance Racing,LMP2,Oreca 07,Oreca 07 #20 (IMSA 2024),IMSA WeatherTech SportsCar Championship,56,oreca_07
Titanium Endurance Racing,LMP2,Ligier JS P217,Ligier JS P217 #33 (IMSA 2024),IMSA WeatherTech SportsCar Championship,51,ligier_js_p217
Titanium Endurance Racing,GT4,McLaren 570S GT4,McLaren 570S GT4 #001,IMSA Michelin Pilot Challenge,51,mclaren_570s_gt4
Titanium Endurance Racing,GT4,McLaren 570S GT4,McLaren 570S GT4 #002,IMSA Michelin Pilot Challenge,52,mclaren_570s_gt4
Titanium Endurance Racing,P1Gen2,Ligier JS P320,Ligier JS P320 #7,IMSA VP Racing SportsCar Challenge,51,ligier_js_p320
Titanium Endurance Racing,P1Gen2,Ligier JS P320,Ligier JS P320 #10,IMSA VP Racing SportsCar Challenge,52,ligier_js_p320
Titanium Endurance Racing,Super Trofeo,Lamborghini Huracan Super Trofeo EVO2,Lamborghini Huracan Super Trofeo EVO2 #72,Lamborghini Super Trofeo North America,71,lamborghini_huracan_supertrofeo_evo2
Titanium Endurance Racing,Super Trofeo,Lamborghini Huracan Super Trofeo EVO2,Lamborghini Huracan Super Trofeo EVO2 #77,Lamborghini Super Trofeo North America,72,lamborghini_huracan_supertrofeo_evo2
Titanium Endurance Racing,GT3_Gen2,Chevrolet Corvette Z06 GT3.R,Chevrolet Corvette Z06 GT3.R #13 (IMSA 2024),Intercontinental GT Challenge,53,corvette_z06_gt3r
Titanium Endurance Racing,GT3_Gen2,Chevrolet Corvette Z06 GT3.R,Chevrolet Corvette Z06 GT3.R #17 (IMSA 2024),Intercontinental GT Challenge,54,corvette_z06_gt3r
Titanium Endurance Racing,GT3_Gen2,Lamborghini Huracan GT3 EVO2,Lamborghini Huracan GT3 EVO2 #60 (IMSA 2024),"GT World Challenge America, GT World Challenge Sprint",53,lamborghini_huracan_gt3_evo2
Titanium Endurance Racing,GT3_Gen2,Lamborghini Huracan GT3 EVO2,Lamborghini Huracan GT3 EVO2 #83 (IMSA 2024),"GT World Challenge America, GT World Challenge Sprint",55,lamborghini_huracan_gt3_evo2
Titanium Endurance Racing,P4,MCR S2000,MCR S2000 #3,Radical Cup North America,52,mcr2000
Titanium Endurance Racing,P4,MCR S2000,MCR S2000 #4,Radical Cup North America,53,mcr2000
Tridente Global Competizione,GT2_05,Milano GT36,Milano GT36 #59,"Ferrari Challenge North America, Ferrari Challenge Europe",60,milano_gt36
Tridente Global Competizione,GT2_05,Milano GT36,Milano GT36 #64,"Ferrari Challenge North America, Ferrari Challenge Europe",61,milano_gt36
Tridente Global Competizione,Super Trofeo,Lamborghini Huracan Super Trofeo EVO2,Lamborghini Huracan Super Trofeo EVO2 #30,"Lamborghini Super Trofeo North America, Lamborghini Super Trofeo Europe",61,lamborghini_huracan_supertrofeo_evo2
Tridente Global Competizione,Super Trofeo,Lamborghini Huracan Super Trofeo EVO2,Lamborghini Huracan Super Trofeo EVO2 #42,"Lamborghini Super Trofeo North America, Lamborghini Super Trofeo Europe",62,lamborghini_huracan_supertrofeo_evo2
Tridente Global Competizione,GT1_05,Dodge Viper GTS-R,Dodge Viper GTS-R #36,GT Revival Series,55,dodge_viper_gts_r
Tridente Global Competizione,GT1_05,Dodge Viper GTS-R,Dodge Viper GTS-R #40,GT Revival Series,56,dodge_viper_gts_r
Vanguard Motorsport Group,Carrera Cup,Porsche 911 GT3 Cup 3.8,Porsche 911 GT3 Cup 3.8 #1,"Porsche Carrera Supercup, Porsche Carrera Cup North America",53,porsche_991_gt3
Vanguard Motorsport Group,Carrera Cup,Porsche 911 GT3 Cup 4.0,Porsche 911 GT3 Cup 4.0 #2,"Porsche Carrera Supercup, Porsche Carrera Cup North America",52,porsche_991_gt3_2
Vanguard Motorsport Group,GT4,McLaren 570S GT4,McLaren 570S GT4 #003,"IMSA VP Racing SportsCar Challenge, British GT Championship",53,mclaren_570s_gt4
Vanguard Motorsport Group,GT4,McLaren 570S GT4,McLaren 570S GT4 #006,"IMSA VP Racing SportsCar Challenge, British GT Championship",54,mclaren_570s_gt4
Vanguard Motorsport Group,GT3_Gen2,Porsche 992 GT3 R,Porsche 992 GT3 R #77 (IMSA 2024),"GT World Challenge America, GT World Challenge Sprint",52,porsche_992_gt3r
Vanguard Motorsport Group,GT3_Gen2,Porsche 992 GT3 R,Porsche 992 GT3 R #86 (IMSA 2024),"GT World Challenge America, GT World Challenge Sprint",53,porsche_992_gt3r
Vauquelin Grand Prix,F-Reiza,Formula V8 Gen3,Cobra Force G.P. #14,Formula 2,63,formula_reiza
Vauquelin Grand Prix,F-Reiza,Formula V8 Gen3,Cobra Force G.P. #15,Formula 2,64,formula_reiza
Vauquelin Grand Prix,F-3,Dallara F301,Kota Racing #46,Formula 3,58,f301
Vauquelin Grand Prix,F-3,Dallara F301,Kota Racing #71,Formula 3,59,f301
Vauquelin Grand Prix,F-Inter,Formula Inter MG-15,F.Inter MG-15 #00,FRECA,52,formula_inter
Vauquelin Grand Prix,F-Inter,Formula Inter MG-15,F.Inter MG-15 #1,FRECA,53,formula_inter
Vauquelin Grand Prix,F-Trainer_A,Formula Trainer Advanced,Formula Trainer A #21 - J.Ramos Skin,"Formula 4 UK, Formula 4 Northern Europe, Formula 4 Southern Europe",71,formula_trainer_d
Vauquelin Grand Prix,F-Trainer_A,Formula Trainer Advanced,Formula Trainer A #22 - F.Scomasson Skin,"Formula 4 UK, Formula 4 Northern Europe, Formula 4 Southern Europe",72,formula_trainer_d
Vauquelin Grand Prix,F-Trainer,Formula Trainer,Formula Trainer #1,National Formula Ford Championship,51,formula_trainer
Vauquelin Grand Prix,F-Trainer,Formula Trainer,Formula Trainer #10,National Formula Ford Championship,60,formula_trainer
Vauquelin Grand Prix,F-Vee_Gen2,Formula Vee Gen2,Vinicius Andrade #30,"Formula Vee UK, Formula Vee Germany",58,formula_vee_gen2
Vauquelin Grand Prix,F-Vee_Gen2,Formula Vee Gen2,Vinicius Vilela #82,"Formula Vee UK, Formula Vee Germany",63,formula_vee_gen2
Vector Dynamics Racing,Carrera Cup,Porsche 911 GT3 Cup 3.8,Porsche 911 GT3 Cup 3.8 #65,"Porsche Carrera Supercup, Porsche Carrera Cup UK",57,porsche_991_gt3
Vector Dynamics Racing,Carrera Cup,Porsche 911 GT3 Cup 4.0,Porsche 911 GT3 Cup 4.0 #70,"Porsche Carrera Supercup, Porsche Carrera Cup UK",59,porsche_991_gt3_2
Vector Dynamics Racing,GT4,Mercedes-AMG GT4,Mercedes-AMG GT4 #34,"IMSA VP Racing SportsCar Challenge, British GT Championship, IMSA Michelin Pilot Challenge",53,mercedes_amg_gt4
Vector Dynamics Racing,GT4,Mercedes-AMG GT4,Mercedes-AMG GT4 #35,"IMSA VP Racing SportsCar Challenge, British GT Championship, IMSA Michelin Pilot Challenge",54,mercedes_amg_gt4
Vector Dynamics Racing,GT1_05,Chevrolet Corvette C5-R,Chevrolet Corvette C5-R #71,GT Revival Series,57,corvette_c5r
Vector Dynamics Racing,GT1_05,Chevrolet Corvette C5-R,Chevrolet Corvette C5-R #73,GT Revival Series,58,corvette_c5r
Velocity UK Developments,GT3_Gen2,McLaren 720S GT3 Evo,McLaren 720S GT3 Evo #25,British GT Championship,53,mclaren_720s_gt3_evo
Velocity UK Developments,GT3_Gen2,McLaren 720S GT3 Evo,McLaren 720S GT3 Evo #59,British GT Championship,56,mclaren_720s_gt3_evo
Velocity UK Developments,Carrera Cup,Porsche 911 GT3 Cup 3.8,Porsche 911 GT3 Cup 3.8 #1,Porsche Carrera Cup UK,53,porsche_991_gt3
Velocity UK Developments,Carrera Cup,Porsche 911 GT3 Cup 4.0,Porsche 911 GT3 Cup 4.0 #2,Porsche Carrera Cup UK,52,porsche_991_gt3_2
Velocity UK Developments,MiniChallenge,MINI Cooper JCW,MINI Cooper JCW #63,Mini Challenge,69,mini_cooper
Velocity UK Developments,MiniChallenge,MINI Cooper JCW,MINI Cooper JCW #71,Mini Challenge,70,mini_cooper
Velocity UK Developments,G40Cup,Ginetta G40 Cup,Ginetta G40 Cup #46,Ginetta Junior Championship UK,65,ginetta_g40_cup
Velocity UK Developments,G40Cup,Ginetta G40 Cup,Ginetta G40 Cup #50,Ginetta Junior Championship UK,66,ginetta_g40_cup
Velocity UK Developments,P4,MCR S2000,MCR S2000 #25,Radical Cup Europe,70,mcr2000
Velocity UK Developments,P4,MCR S2000,MCR S2000 #26,Radical Cup Europe,71,mcr2000
Via-Marelli Competizione,LMP2_Gen1,Oreca 07,Oreca 07 #47,European Le Mans Series,54,oreca_07
Via-Marelli Competizione,Super Trofeo,Lamborghini Huracan Super Trofeo EVO2,Lamborghini Huracan Super Trofeo EVO2 #65,Lamborghini Super Trofeo Europe,69,lamborghini_huracan_supertrofeo_evo2
Via-Marelli Competizione,Super Trofeo,Lamborghini Huracan Super Trofeo EVO2,Lamborghini Huracan Super Trofeo EVO2 #66,Lamborghini Super Trofeo Europe,70,lamborghini_huracan_supertrofeo_evo2
Via-Marelli Competizione,LMDh,Lamborghini SC63,Lamborghini SC63 #46,World Endurance Championship,53,lamborghini_sc63
Via-Marelli Competizione,LMDh,Lamborghini SC63,Lamborghini SC63 #47,World Endurance Championship,54,lamborghini_sc63
Via-Marelli Competizione,GT3_Gen2,Lamborghini Huracan GT3 EVO2,Lamborghini Huracan GT3 EVO2 #45 (IMSA 2024),"World Endurance Championship, Intercontinental GT Challenge, GT World Challenge Europe, Nürburgring Langstrecken-Serie",52,lamborghini_huracan_gt3_evo2
Via-Marelli Competizione,GT3_Gen2,Lamborghini Huracan GT3 EVO2,Lamborghini Huracan GT3 EVO2 #60 (IMSA 2024),"World Endurance Championship, Intercontinental GT Challenge, GT World Challenge Europe, Nürburgring Langstrecken-Serie",53,lamborghini_huracan_gt3_evo2
Via-Marelli Competizione,GT4,McLaren 570S GT4,McLaren 570S GT4 #001,Nürburgring Langstrecken-Serie,51,mclaren_570s_gt4
Via-Marelli Competizione,GT4,McLaren 570S GT4,McLaren 570S GT4 #003,Nürburgring Langstrecken-Serie,53,mclaren_570s_gt4
Via-Marelli Competizione,GT3,Nissan GT-R Nismo GT3,Nissan Nismo GT-R GT3 #201,"European Le Mans Series, Michelin Le Mans Cup",51,nissan_gt-r_gt3
Via-Marelli Competizione,GT3,Nissan GT-R Nismo GT3,Nissan Nismo GT-R GT3 #202,"European Le Mans Series, Michelin Le Mans Cup",52,nissan_gt-r_gt3
Via-Marelli Competizione,P1Gen2,MetalMoro AJR Gen2 Nissan,MM AJR Nissan Gen2 #66,Michelin Le Mans Cup,54,metalmoro_ajr_gen2
Via-Marelli Competizione,P1Gen2,MetalMoro AJR Gen2 Nissan,MM AJR Nissan Gen2 #36,"European Le Mans Series, Michelin Le Mans Cup",53,metalmoro_ajr_gen2
Via-Marelli Competizione,P1Gen2,MetalMoro AJR Gen2 Nissan,MM AJR Nissan Gen2 #66,European Le Mans Series,54,metalmoro_ajr_gen2
Via-Marelli Competizione,G40Cup,Ginetta G40 Cup,Ginetta G40 Cup #05,Ginetta Junior Championship Europe,53,ginetta_g40_cup
Via-Marelli Competizione,G40Cup,Ginetta G40 Cup,Ginetta G40 Cup #09,Ginetta Junior Championship Europe,54,ginetta_g40_cup
Via-Marelli Competizione,P4,MCR S2000,MCR S2000 #42 - S.de Boer Skin,Radical Cup Europe,77,mcr2000
Via-Marelli Competizione,P4,MCR S2000,MCR S2000 #8,Radical Cup Europe,56,mcr2000
Vistula Racing Lab,F-Inter,Formula Inter MG-15,F.Inter MG-15 #6,FRECA,57,formula_inter
Vistula Racing Lab,F-Inter,Formula Inter MG-15,F.Inter MG-15 #7,FRECA,58,formula_inter
Vistula Racing Lab,F-Trainer_A,Formula Trainer Advanced,Formula Trainer Advance #25,"Formula 4 UK, Formula 4 Northern Europe, Formula 4 Southern Europe",75,formula_trainer_d
Vistula Racing Lab,F-Trainer_A,Formula Trainer Advanced,Formula Trainer Advance #26,"Formula 4 UK, Formula 4 Northern Europe, Formula 4 Southern Europe",76,formula_trainer_d
Vistula Racing Lab,F-Trainer,Formula Trainer,Formula Trainer #25,National Formula Ford Championship,75,formula_trainer
Vistula Racing Lab,F-Trainer,Formula Trainer,Formula Trainer #26,National Formula Ford Championship,76,formula_trainer
Vitesse Pro-Racing,P1Gen2,Sigma P1 G5,Sigma P1 G5 #5,Michelin Le Mans Cup,52,sigma_p1_g5
Vitesse Pro-Racing,P1Gen2,Sigma P1 G5,Sigma P1 G5 #13,Michelin Le Mans Cup,53,sigma_p1_g5
Vitesse Pro-Racing,G40Cup,Ginetta G40 Cup,Ginetta G40 Cup #32,Ginetta Junior Championship Europe,61,ginetta_g40_cup
Vitesse Pro-Racing,G40Cup,Ginetta G40 Cup,Ginetta G40 Cup #34,Ginetta Junior Championship Europe,62,ginetta_g40_cup
Vitesse Pro-Racing,P4,MCR S2000,MCR S2000 #15,Radical Cup Europe,63,mcr2000
Vitesse Pro-Racing,P4,MCR S2000,MCR S2000 #29,Radical Cup Europe,74,mcr2000
Williams Racing,F-Ultimate_Gen2,Formula Ultimate Hybrid Gen3,Didcot Racing #24,Formula 1,65,formula_ultimate_2024
Williams Racing,F-Ultimate_Gen2,Formula Ultimate Hybrid Gen3,Didcot Racing #51,Formula 1,66,formula_ultimate_2024
Williams Racing,F-Reiza,Formula V8 Gen3,Didcot Racing #10,Formula 2,60,formula_reiza
Williams Racing,F-Reiza,Formula V8 Gen3,Didcot Racing #9,Formula 2,59,formula_reiza
Williams Racing,F-3,Dallara F301,Distop Motors #77,Formula 3,60,f301
Williams Racing,F-3,Dallara F301,Distop Motors #78,Formula 3,61,f301
Zenith Autosport,LMDh,Aston Martin Valkyrie Hypercar,Aston Martin Valkyrie Hypercar #23 (IMSA 2025),IMSA WeatherTech SportsCar Championship,51,aston_martin_valkyrie_lmh
Zenith Autosport,LMDh,Aston Martin Valkyrie Hypercar,Aston Martin Valkyrie Hypercar #009,IMSA WeatherTech SportsCar Championship,53,aston_martin_valkyrie_lmh
Zenith Autosport,LMP2,Ligier JS P217,Ligier JS P217 #88,IMSA WeatherTech SportsCar Championship,62,ligier_js_p217
Zenith Autosport,LMP2,Oreca 07,Oreca 07 #74 (IMSA 2024),IMSA WeatherTech SportsCar Championship,59,oreca_07
Zenith Autosport,GT3,Audi R8 LMS GT3,Audi R8 LMS GT3 #22,IMSA VP Racing SportsCar Challenge,51,audi_r8_lms_gt3
Zenith Autosport,GT3,Audi R8 LMS GT3,Audi R8 LMS GT3 #69,IMSA VP Racing SportsCar Challenge,52,audi_r8_lms_gt3
Zenith Autosport,P4,MCR S2000,MCR S2000 #9,Radical Cup North America,57,mcr2000
Zenith Autosport,P4,MCR S2000,MCR S2000 #10,Radical Cup North America,58,mcr2000
Zenith Autosport,GT3_Gen2,Audi R8 LMS GT3 evo II,Audi R8 LMS GT3 evo II #181,"Intercontinental GT Challenge, GT World Challenge America, GT World Challenge Sprint",56,audi_r8_lms_gt3_evo2
Zenith Autosport,GT3_Gen2,Audi R8 LMS GT3 evo II,Audi R8 LMS GT3 evo II #24,"Intercontinental GT Challenge, GT World Challenge America, GT World Challenge Sprint",51,audi_r8_lms_gt3_evo2